player,player_norm,team,team_norm,role,FVM,ballotaggio,p_start,Pv_hat,AFCON_RISK,START_TIER,Mv_hat,G_perPv_hat,A_perPv_hat,YC_perPv_hat,RC_perPv_hat,OG_perPv_hat,GC_perPv_hat,PKsave_perPv_hat,G_hat,A_hat,YC_hat,RC_hat,OG_hat,GC_hat,PKsave_hat,PK_taken_hat,PK_goals_hat,SP_assists_hat,Mod_share_hat
Sommer,sommer,Inter,inter,P,90,False,0.85,32.3,0,starter,6.18,0.0,0.0,0.0,0.0,0.0,0.97,0.03,0.0,0.0,0.0,0.0,0.0,31.321,0.979,0.0,0.0,0.0,12.92
Di Gregorio,di gregorio,Juventus,juventus,P,83,False,0.85,32.3,0,starter,6.15,0.0,0.0,0.0,0.0,0.0,0.97,0.0,0.0,0.0,0.0,0.0,0.0,31.321,0.0,0.0,0.0,0.0,6.46
Maignan,maignan,Milan,milan,P,81,False,0.85,32.3,0,starter,6.18,0.0,0.0,0.027,0.0,0.0,1.108,0.027,0.0,0.0,0.873,0.0,0.0,35.792,0.873,0.0,0.0,0.0,6.46
Meret,meret,Napoli,napoli,P,92,True,0.65,24.7,0,battle,6.32,0.0,0.0,0.0,0.0,0.029,0.735,0.059,0.0,0.0,0.0,0.0,0.726,18.162,1.453,0.0,0.0,0.0,6.46
Svilar,svilar,Roma,roma,P,82,False,0.85,32.3,0,starter,6.32,0.0,0.0,0.026,0.0,0.0,0.921,0.0,0.0,0.0,0.85,0.0,0.0,29.75,0.0,0.0,0.0,0.0,6.46
Carnesecchi,carnesecchi,Atalanta,atalanta,P,71,False,0.85,32.3,0,starter,6.34,0.0,0.0,0.029,0.0,0.0,1.0,0.0,0.0,0.0,0.95,0.0,0.0,32.3,0.0,0.0,0.0,0.0,6.46
De Gea,de gea,Fiorentina,fiorentina,P,62,False,0.85,32.3,0,starter,6.34,0.0,0.0,0.029,0.0,0.0,1.086,0.057,0.0,0.0,0.923,0.0,0.0,35.069,1.846,0.0,0.0,0.0,6.46
Provedel,provedel,Lazio,lazio,P,54,True,0.65,24.7,0,battle,5.98,0.0,0.0,0.0,0.0,0.0,1.448,0.0,0.0,0.0,0.0,0.0,0.0,35.772,0.0,0.0,0.0,0.0,6.46
Skorupski,skorupski,Bologna,bologna,P,49,False,0.85,32.3,0,starter,6.17,0.0,0.0,0.037,0.0,0.0,1.222,0.037,0.0,0.0,1.196,0.0,0.0,39.478,1.196,0.0,0.0,0.0,6.46
Butez,butez,Como,como,P,32,False,0.85,32.3,0,starter,6.22,0.0,0.0,0.0,0.003,0.0,1.032,0.0,0.0,0.0,0.0,0.085,0.0,33.32,0.0,0.0,0.0,0.0,6.46
Israel,israel,Torino,torino,P,30,False,0.85,32.3,0,starter,3.2,0.0,0.0,0.079,0.0,0.0,1.184,0.105,0.0,0.0,2.55,0.0,0.0,38.25,3.4,0.0,0.0,0.0,6.46
Leali,leali,Genoa,genoa,P,28,False,0.85,32.3,0,starter,6.16,0.0,0.0,0.034,0.0,0.034,1.069,0.034,0.0,0.0,1.114,0.0,1.114,34.528,1.114,0.0,0.0,0.0,6.46
Caprile,caprile,Cagliari,cagliari,P,18,False,0.85,32.3,0,starter,6.2,0.0,0.0,0.0,0.0,0.0,1.045,0.0,0.0,0.0,0.0,0.0,0.0,33.768,0.0,0.0,0.0,0.0,6.46
Suzuki,suzuki,Parma,parma,P,15,False,0.85,32.3,0,starter,6.22,0.0,0.0,0.0,0.027,0.0,1.432,0.0,0.0,0.0,0.0,0.873,0.0,46.268,0.0,0.0,0.0,0.0,6.46
Turati,turati,Sassuolo,sassuolo,P,13,False,0.85,32.3,0,starter,3.43,0.0,0.0,0.025,0.003,0.008,1.268,0.024,0.0,0.0,0.799,0.085,0.253,40.964,0.787,0.0,0.0,0.0,6.46
Falcone,falcone,Lecce,lecce,P,14,False,0.85,32.3,0,starter,6.26,0.0,0.0,0.053,0.0,0.0,1.526,0.026,0.0,0.0,1.7,0.0,0.0,49.3,0.85,0.0,0.0,0.0,6.46
Okoye,okoye,Udinese,udinese,P,17,True,0.65,20.7,1,battle,6.1,0.0,0.0,0.04,0.0,0.04,1.6,0.0,0.0,0.0,0.828,0.0,0.828,33.12,0.0,0.0,0.0,0.0,0.0
Audero,audero,Cremonese,cremonese,P,12,False,0.85,32.3,0,starter,3.43,0.0,0.0,0.025,0.003,0.008,1.268,0.024,0.0,0.0,0.799,0.085,0.253,40.964,0.787,0.0,0.0,0.0,6.46
Montipò,montipo,Verona,verona,P,10,False,0.85,32.3,0,starter,6.19,0.0,0.0,0.0,0.0,0.028,1.778,0.028,0.0,0.0,0.0,0.0,0.897,57.422,0.897,0.0,0.0,0.0,6.46
Milinkovic-Savic V.,milinkovic-savic v,Napoli,napoli,P,11,True,0.65,24.7,0,battle,4.07,0.0,0.0,0.0,0.0,0.021,1.021,0.042,0.0,0.0,0.0,0.0,0.515,25.215,1.029,0.0,0.0,0.0,0.0
Sava,sava,Udinese,udinese,P,8,True,0.65,24.7,0,battle,6.04,0.0,0.0,0.071,0.0,0.011,1.389,0.0,0.0,0.0,1.755,0.0,0.26,34.32,0.0,0.0,0.0,0.0,6.46
Ravaglia F.,ravaglia f,Bologna,bologna,P,9,,0.35,13.3,0,backup,6.0,0.0,0.0,0.01,0.0,0.0,1.182,0.01,0.0,0.0,0.136,0.0,0.0,15.721,0.136,0.0,0.0,0.0,0.0
Mandas,mandas,Lazio,lazio,P,12,True,0.65,24.7,0,battle,6.28,0.0,0.0,0.0,0.0,0.0,1.059,0.0,0.0,0.0,0.0,0.0,0.0,26.162,0.0,0.0,0.0,0.0,0.0
Scuffet,scuffet,Pisa,pisa,P,5,True,0.65,24.7,0,battle,3.43,0.0,0.0,0.025,0.003,0.008,1.268,0.024,0.0,0.0,0.611,0.065,0.193,31.326,0.602,0.0,0.0,0.0,6.46
Semper,semper,Pisa,pisa,P,7,True,0.65,24.7,0,battle,3.43,0.0,0.0,0.025,0.003,0.008,1.268,0.024,0.0,0.0,0.611,0.065,0.193,31.326,0.602,0.0,0.0,0.0,0.0
Muric,muric,Sassuolo,sassuolo,P,6,,0.35,13.3,0,backup,3.43,0.0,0.0,0.025,0.003,0.008,1.268,0.024,0.0,0.0,0.329,0.035,0.104,16.868,0.324,0.0,0.0,0.0,0.0
Martinez Jo.,martinez jo,Inter,inter,P,5,False,0.85,32.3,0,starter,6.3,0.0,0.0,0.0,0.0,0.0,0.841,0.02,0.0,0.0,0.0,0.0,0.0,27.158,0.638,0.0,0.0,0.0,0.0
Rossi F.,rossi f,Atalanta,atalanta,P,1,,0.35,13.3,0,backup,0.0,0.0,0.0,0.026,0.0,0.0,0.974,0.0,0.0,0.0,0.35,0.0,0.0,12.95,0.0,0.0,0.0,0.0,0.0
Sportiello,sportiello,Atalanta,atalanta,P,1,,0.35,13.3,0,backup,4.627,0.0,0.0,0.026,0.0,0.0,0.974,0.0,0.0,0.0,0.35,0.0,0.0,12.95,0.0,0.0,0.0,0.0,0.0
Pessina Mas.,pessina mas,Bologna,bologna,P,1,,0.35,13.3,0,backup,4.057,0.0,0.0,0.026,0.0,0.0,1.205,0.026,0.0,0.0,0.341,0.0,0.0,16.028,0.341,0.0,0.0,0.0,0.0
Ciocci,ciocci,Cagliari,cagliari,P,1,,0.35,13.3,0,backup,0.0,0.0,0.0,0.0,0.0,0.0,1.172,0.0,0.0,0.0,0.0,0.0,0.0,15.593,0.0,0.0,0.0,0.0,0.0
Radunovic,radunovic,Cagliari,cagliari,P,1,,0.35,13.3,0,backup,0.0,0.0,0.0,0.0,0.0,0.0,1.172,0.0,0.0,0.0,0.0,0.0,0.0,15.593,0.0,0.0,0.0,0.0,0.0
Vigorito,vigorito,Como,como,P,1,,0.35,13.3,0,backup,0.0,0.0,0.0,0.0,0.026,0.0,1.316,0.0,0.0,0.0,0.0,0.35,0.0,17.5,0.0,0.0,0.0,0.0,0.0
Nava,nava,Cremonese,cremonese,P,1,,0.35,13.3,0,backup,3.43,0.0,0.0,0.025,0.003,0.008,1.268,0.024,0.0,0.0,0.329,0.035,0.104,16.868,0.324,0.0,0.0,0.0,0.0
Martinelli T.,martinelli t,Fiorentina,fiorentina,P,1,,0.35,13.3,0,backup,0.0,0.0,0.0,0.026,0.0,0.0,1.079,0.053,0.0,0.0,0.35,0.0,0.0,14.35,0.7,0.0,0.0,0.0,0.0
Siegrist,siegrist,Genoa,genoa,P,1,,0.35,13.3,0,backup,6.5,0.0,0.0,0.028,0.0,0.028,1.056,0.028,0.0,0.0,0.374,0.0,0.374,14.048,0.374,0.0,0.0,0.0,0.0
Sommariva,sommariva,Genoa,genoa,P,1,,0.35,13.3,0,backup,7.0,0.0,0.0,0.03,0.0,0.03,1.059,0.03,0.0,0.0,0.395,0.0,0.395,14.09,0.395,0.0,0.0,0.0,0.0
Di Gennaro,di gennaro,Inter,inter,P,1,,0.35,13.3,0,backup,0.0,0.0,0.0,0.0,0.0,0.0,0.921,0.026,0.0,0.0,0.0,0.0,0.0,12.25,0.35,0.0,0.0,0.0,0.0
Perin,perin,Juventus,juventus,P,2,,0.35,13.3,0,backup,6.1,0.0,0.0,0.0,0.0,0.0,0.841,0.0,0.0,0.0,0.0,0.0,0.0,11.182,0.0,0.0,0.0,0.0,0.0
Pinsoglio,pinsoglio,Juventus,juventus,P,1,,0.35,13.3,0,backup,0.0,0.0,0.0,0.0,0.0,0.0,0.921,0.0,0.0,0.0,0.0,0.0,0.0,12.25,0.0,0.0,0.0,0.0,0.0
Furlanetto,furlanetto,Lazio,lazio,P,1,,0.35,13.3,0,backup,0.0,0.0,0.0,0.0,0.0,0.0,1.289,0.0,0.0,0.0,0.0,0.0,0.0,17.15,0.0,0.0,0.0,0.0,0.0
Fruchtl,fruchtl,Lecce,lecce,P,1,,0.35,13.3,0,backup,0.0,0.0,0.0,0.053,0.0,0.0,1.526,0.026,0.0,0.0,0.7,0.0,0.0,20.3,0.35,0.0,0.0,0.0,0.0
Samooja,samooja,Lecce,lecce,P,1,,0.35,13.3,0,backup,0.0,0.0,0.0,0.053,0.0,0.0,1.526,0.026,0.0,0.0,0.7,0.0,0.0,20.3,0.35,0.0,0.0,0.0,0.0
Terracciano,terracciano,Milan,milan,P,1,,0.35,13.3,0,backup,3.045,0.0,0.0,0.026,0.0,0.0,1.103,0.026,0.0,0.0,0.341,0.0,0.0,14.664,0.341,0.0,0.0,0.0,0.0
Torriani,torriani,Milan,milan,P,1,,0.35,13.3,0,backup,0.0,0.0,0.0,0.026,0.0,0.0,1.103,0.026,0.0,0.0,0.341,0.0,0.0,14.664,0.341,0.0,0.0,0.0,0.0
Contini,contini,Napoli,napoli,P,1,,0.35,13.3,0,backup,0.0,0.0,0.0,0.0,0.0,0.021,1.021,0.042,0.0,0.0,0.0,0.0,0.277,13.577,0.554,0.0,0.0,0.0,0.0
Corvi,corvi,Parma,parma,P,1,,0.35,13.3,0,backup,0.0,0.0,0.0,0.0,0.026,0.0,1.474,0.0,0.0,0.0,0.0,0.35,0.0,19.6,0.0,0.0,0.0,0.0,0.0
Rinaldi,rinaldi,Parma,parma,P,1,,0.35,13.3,0,backup,0.0,0.0,0.0,0.0,0.026,0.0,1.474,0.0,0.0,0.0,0.0,0.35,0.0,19.6,0.0,0.0,0.0,0.0,0.0
Nicolas,nicolas,Pisa,pisa,P,1,,0.35,13.3,0,backup,3.43,0.0,0.0,0.025,0.003,0.008,1.268,0.024,0.0,0.0,0.329,0.035,0.104,16.868,0.324,0.0,0.0,0.0,0.0
Zelezny,zelezny,Roma,roma,P,1,,0.35,13.3,0,backup,2.03,0.0,0.0,0.044,0.0,0.0,1.111,0.022,0.0,0.0,0.591,0.0,0.0,14.778,0.296,0.0,0.0,0.0,0.0
Gollini,gollini,Roma,roma,P,1,,0.35,13.3,0,backup,5.86,0.0,0.0,0.079,0.0,0.0,1.472,0.064,0.0,0.0,1.049,0.0,0.0,19.581,0.857,0.0,0.0,0.0,0.0
Russo A.,russo a,Sassuolo,sassuolo,P,1,,0.35,13.3,0,backup,3.43,0.0,0.0,0.025,0.003,0.008,1.268,0.024,0.0,0.0,0.329,0.035,0.104,16.868,0.324,0.0,0.0,0.0,0.0
Satalino,satalino,Sassuolo,sassuolo,P,1,,0.35,13.3,0,backup,3.43,0.0,0.0,0.025,0.003,0.008,1.268,0.024,0.0,0.0,0.329,0.035,0.104,16.868,0.324,0.0,0.0,0.0,0.0
Paleari,paleari,Torino,torino,P,1,,0.35,13.3,0,backup,6.5,0.0,0.0,0.075,0.0,0.0,1.275,0.1,0.0,0.0,0.997,0.0,0.0,16.957,1.33,0.0,0.0,0.0,0.0
Popa,popa,Torino,torino,P,1,,0.35,13.3,0,backup,0.0,0.0,0.0,0.079,0.0,0.0,1.184,0.105,0.0,0.0,1.05,0.0,0.0,15.75,1.4,0.0,0.0,0.0,0.0
Padelli,padelli,Udinese,udinese,P,1,,0.35,13.3,0,backup,6.5,0.0,0.0,0.05,0.0,0.025,1.4,0.0,0.0,0.0,0.665,0.0,0.332,18.62,0.0,0.0,0.0,0.0,0.0
Perilli,perilli,Verona,verona,P,1,,0.35,13.3,0,backup,6.0,0.0,0.0,0.0,0.0,0.024,1.663,0.024,0.0,0.0,0.0,0.0,0.315,22.12,0.315,0.0,0.0,0.0,0.0
Vasquez D.,vasquez d,Roma,roma,P,1,,0.35,13.3,0,backup,2.03,0.0,0.0,0.044,0.0,0.0,1.111,0.022,0.0,0.0,0.591,0.0,0.0,14.778,0.296,0.0,0.0,0.0,0.0
Nunziante,nunziante,Udinese,udinese,P,1,,0.35,13.3,0,backup,3.728,0.0,0.0,0.053,0.0,0.026,1.474,0.0,0.0,0.0,0.7,0.0,0.35,19.6,0.0,0.0,0.0,0.0,0.0
Lezzerini,lezzerini,Fiorentina,fiorentina,P,1,,0.35,13.3,0,backup,3.128,0.0,0.0,0.026,0.0,0.0,1.079,0.053,0.0,0.0,0.35,0.0,0.0,14.35,0.7,0.0,0.0,0.0,0.0
Silvestri,silvestri,Cremonese,cremonese,P,1,,0.35,13.3,0,backup,3.43,0.0,0.0,0.025,0.003,0.008,1.268,0.024,0.0,0.0,0.329,0.035,0.104,16.868,0.324,0.0,0.0,0.0,0.0
Dumfries,dumfries,Inter,inter,D,100,False,0.85,32.3,0,starter,6.19,0.241,0.069,0.138,0.0,0.0,,,7.797,2.228,4.455,0.0,0.0,,,0.0,0.0,0.0,6.46
Dimarco,dimarco,Inter,inter,D,96,False,0.85,32.3,0,starter,6.31,0.125,0.219,0.094,0.0,0.0,,,4.037,9.777,3.028,0.0,0.0,,,0.0,0.0,2.712,6.46
Gosens,gosens,Fiorentina,fiorentina,D,86,False,0.85,32.3,0,starter,6.12,0.156,0.094,0.188,0.0,0.0,,,5.047,3.028,6.056,0.0,0.0,,,0.0,0.0,0.0,3.23
Zortea,zortea,Bologna,bologna,D,41,True,0.65,24.7,0,battle,4.84,0.011,0.084,0.135,0.011,0.006,,,0.278,2.081,3.33,0.278,0.139,,,0.0,0.0,0.0,0.0
Bastoni,bastoni,Inter,inter,D,78,False,0.85,32.3,0,starter,6.42,0.031,0.125,0.125,0.031,0.0,,,1.009,4.037,4.037,1.009,0.0,,,0.0,0.0,0.0,6.46
Cambiaso,cambiaso,Juventus,juventus,D,63,False,0.85,32.3,0,starter,6.09,0.062,0.094,0.125,0.0,0.0,,,2.019,3.028,4.037,0.0,0.0,,,0.0,0.0,0.0,3.23
Angelino,angelino,Roma,roma,D,59,False,0.85,32.3,0,starter,6.14,0.053,0.026,0.026,0.0,0.0,,,1.7,0.85,0.85,0.0,0.0,,,0.0,0.0,0.0,3.23
Di Lorenzo,di lorenzo,Napoli,napoli,D,57,False,0.85,32.3,0,starter,6.15,0.081,0.054,0.162,0.0,0.0,,,2.619,1.746,5.238,0.0,0.0,,,0.0,0.0,0.0,3.23
Wesley,wesley,Roma,roma,D,51,False,0.85,32.3,0,starter,4.621,0.022,0.039,0.094,0.006,0.006,,,0.718,1.256,3.051,0.179,0.179,,,0.0,0.0,0.0,3.23
Bellanova,bellanova,Atalanta,atalanta,D,52,False,0.85,32.3,0,starter,6.04,0.0,0.257,0.086,0.0,0.0,,,0.0,8.306,2.769,0.0,0.0,,,0.0,0.0,0.0,3.23
Zappacosta,zappacosta,Atalanta,atalanta,D,46,True,0.65,24.7,0,battle,5.98,0.133,0.067,0.1,0.0,0.0,,,3.293,1.647,2.47,0.0,0.0,,,0.0,0.0,0.0,3.23
Bremer,bremer,Juventus,juventus,D,44,False,0.85,32.3,0,starter,6.5,0.026,0.018,0.142,0.004,0.0,,,0.853,0.569,4.601,0.142,0.0,,,0.0,0.0,0.0,3.23
Buongiorno,buongiorno,Napoli,napoli,D,44,False,0.85,32.3,0,starter,6.36,0.045,0.0,0.091,0.0,0.0,,,1.468,0.0,2.936,0.0,0.0,,,0.0,0.0,0.0,3.23
Tavares N.,tavares n,Lazio,lazio,D,49,False,0.85,32.3,0,starter,6.28,0.0,0.304,0.087,0.043,0.0,,,0.0,9.83,2.809,1.404,0.0,,,0.0,0.0,0.0,3.23
Hien,hien,Atalanta,atalanta,D,38,False,0.85,32.3,0,starter,5.95,0.0,0.0,0.345,0.0,0.0,,,0.0,0.0,11.138,0.0,0.0,,,0.0,0.0,0.0,3.23
Dodò,dodo,Fiorentina,fiorentina,D,42,False,0.85,32.3,0,starter,6.19,0.0,0.143,0.229,0.0,0.0,,,0.0,4.614,7.383,0.0,0.0,,,0.0,0.0,0.0,3.23
Estupinan,estupinan,Milan,milan,D,37,False,0.85,32.3,0,starter,5.285,0.045,0.028,0.169,0.022,0.017,,,1.452,4.741,5.444,0.726,0.544,,,0.0,0.0,3.834,3.23
Rrahmani,rrahmani,Napoli,napoli,D,32,True,0.65,24.7,0,battle,6.14,0.026,0.026,0.053,0.0,0.026,,,0.65,0.65,1.3,0.0,0.65,,,0.0,0.0,0.0,3.23
Mancini,mancini,Roma,roma,D,30,False,0.85,32.3,0,starter,6.18,0.054,0.027,0.216,0.0,0.0,,,1.746,0.873,6.984,0.0,0.0,,,0.0,0.0,0.0,3.23
Solet,solet,Udinese,udinese,D,40,False,0.85,32.3,0,starter,6.16,0.052,0.052,0.059,0.051,0.001,,,3.518,1.695,1.919,1.655,0.032,,,2.38,1.831,0.0,3.23
Martin,martin,Genoa,genoa,D,32,False,0.85,32.3,0,starter,6.17,0.0,0.222,0.139,0.0,0.0,,,0.0,7.178,4.486,0.0,0.0,,,0.0,0.0,0.0,3.23
Carlos Augusto,carlos augusto,Inter,inter,D,31,,0.35,13.3,0,backup,6.2,0.107,0.107,0.036,0.0,0.0,,,1.425,1.425,0.475,0.0,0.0,,,0.0,0.0,0.0,0.0
Beukema,beukema,Napoli,napoli,D,25,True,0.65,24.7,0,battle,4.831,0.034,0.034,0.114,0.0,0.006,,,0.842,0.842,2.807,0.0,0.14,,,0.0,0.0,0.0,0.0
Olivera,olivera,Napoli,napoli,D,21,True,0.65,24.7,0,battle,6.08,0.0,0.033,0.133,0.0,0.0,,,0.0,0.823,3.293,0.0,0.0,,,0.0,0.0,0.0,0.0
Valeri,valeri,Parma,parma,D,27,False,0.85,32.3,0,starter,5.94,0.059,0.147,0.029,0.0,0.0,,,1.9,8.537,0.95,0.0,0.0,,,0.0,0.0,3.787,3.23
N'Dicka,n dicka,Roma,roma,D,26,False,0.85,32.3,0,starter,6.05,0.0,0.0,0.053,0.0,0.0,,,0.0,0.0,1.7,0.0,0.0,,,0.0,0.0,0.0,0.0
Kossounou,kossounou,Atalanta,atalanta,D,22,True,0.65,20.7,1,battle,5.94,0.003,0.012,0.074,0.0,0.001,,,0.064,0.255,1.531,0.0,0.025,,,0.0,0.0,0.0,0.0
Miranda J.,miranda j,Bologna,bologna,D,24,False,0.85,32.3,0,starter,6.05,0.0,0.207,0.138,0.034,0.0,,,0.0,6.683,4.455,1.114,0.0,,,0.0,0.0,0.0,3.23
Vasquez,vasquez,Genoa,genoa,D,20,False,0.85,32.3,0,starter,6.06,0.083,0.0,0.25,0.0,0.0,,,2.692,0.0,8.075,0.0,0.0,,,0.0,0.0,0.0,3.23
Acerbi,acerbi,Inter,inter,D,26,True,0.65,24.7,0,battle,6.07,0.0,0.048,0.0,0.0,0.0,,,0.0,1.176,0.0,0.0,0.0,,,0.0,0.0,0.0,0.0
Bisseck,bisseck,Inter,inter,D,21,True,0.65,24.7,0,battle,6.0,0.111,0.074,0.148,0.0,0.0,,,2.744,1.83,3.659,0.0,0.0,,,0.0,0.0,0.0,0.0
De Vrij,de vrij,Inter,inter,D,20,True,0.65,24.7,0,battle,6.18,0.136,0.0,0.091,0.0,0.0,,,3.368,0.0,2.245,0.0,0.0,,,0.0,0.0,0.0,0.0
Kalulu,kalulu,Juventus,juventus,D,24,True,0.65,24.7,0,battle,6.02,0.036,0.0,0.071,0.036,0.0,,,0.882,0.0,1.764,0.882,0.0,,,0.0,0.0,0.0,0.0
Gila,gila,Lazio,lazio,D,20,False,0.85,32.3,0,starter,6.05,0.031,0.0,0.25,0.0,0.031,,,1.009,0.0,8.075,0.0,1.009,,,0.0,0.0,0.0,3.23
Djimsiti,djimsiti,Atalanta,atalanta,D,15,True,0.65,24.7,0,battle,5.88,0.03,0.061,0.182,0.0,0.03,,,0.748,1.497,4.491,0.0,0.748,,,0.0,0.0,0.0,0.0
Scalvini,scalvini,Atalanta,atalanta,D,24,True,0.65,24.7,0,battle,5.5,0.016,0.066,0.228,0.0,0.007,,,0.405,1.62,5.628,0.0,0.162,,,0.0,0.0,0.0,0.0
Lucumì,lucumi,Bologna,bologna,D,21,False,0.85,32.3,0,starter,5.83,0.0,0.031,0.25,0.031,0.0,,,0.0,1.009,8.075,1.009,0.0,,,0.0,0.0,0.0,3.23
Vitik,vitik,Bologna,bologna,D,18,False,0.85,32.3,0,starter,4.84,0.011,0.084,0.135,0.011,0.006,,,0.363,2.722,4.355,0.363,0.181,,,0.0,0.0,0.0,3.23
Holm,holm,Bologna,bologna,D,15,True,0.65,24.7,0,battle,5.94,0.052,0.067,0.177,0.002,0.001,,,1.291,1.651,4.371,0.056,0.028,,,0.0,0.0,0.0,0.0
De Winter,de winter,Milan,milan,D,17,True,0.65,24.7,0,battle,5.285,0.045,0.028,0.169,0.022,0.017,,,1.11,0.694,4.163,0.555,0.416,,,0.0,0.0,0.0,0.0
Pavard,pavard,Inter,inter,D,23,True,0.65,24.7,0,battle,6.05,0.0,0.045,0.182,0.0,0.0,,,0.0,1.123,4.491,0.0,0.0,,,0.0,0.0,0.0,0.0
Gatti,gatti,Juventus,juventus,D,13,False,0.85,32.3,0,starter,6.14,0.036,0.0,0.071,0.0,0.0,,,1.154,0.0,2.307,0.0,0.0,,,0.0,0.0,0.0,3.23
Joao Mario,joao mario,Juventus,juventus,D,18,False,0.85,32.3,0,starter,4.975,0.038,0.025,0.132,0.006,0.0,,,1.219,0.813,4.266,0.203,0.0,,,0.0,0.0,0.0,0.0
Romagnoli,romagnoli,Lazio,lazio,D,22,True,0.65,24.7,0,battle,5.84,0.062,0.0,0.125,0.062,0.0,,,1.544,0.0,3.088,1.544,0.0,,,0.0,0.0,0.0,0.0
Marusic,marusic,Lazio,lazio,D,23,False,0.85,32.3,0,starter,5.85,0.129,0.0,0.032,0.0,0.032,,,4.168,0.0,1.042,0.0,1.042,,,0.0,0.0,0.0,3.23
Baschirotto,baschirotto,Cremonese,cremonese,D,18,False,0.85,32.3,0,starter,5.142,0.037,0.046,0.151,0.011,0.007,,,1.205,1.491,4.879,0.344,0.225,,,0.0,0.0,0.0,3.23
Gaspar K.,gaspar k,Lecce,lecce,D,19,False,0.85,32.3,0,starter,6.17,0.0,0.042,0.125,0.0,0.0,,,0.0,1.346,4.037,0.0,0.0,,,0.0,0.0,0.0,3.23
Tomori,tomori,Milan,milan,D,25,False,0.85,32.3,0,starter,5.86,0.004,0.053,0.117,0.052,0.002,,,0.145,1.706,3.774,1.688,0.054,,,0.0,0.0,0.0,3.23
Delprato,delprato,Parma,parma,D,21,False,0.85,32.3,0,starter,6.03,0.118,0.0,0.235,0.0,0.0,,,3.8,0.0,7.6,0.0,0.0,,,0.0,0.0,0.0,3.23
Coco,coco,Torino,torino,D,12,True,0.65,24.7,0,battle,5.86,0.062,0.0,0.312,0.0,0.031,,,1.544,0.0,7.719,0.0,0.772,,,0.0,0.0,0.0,3.23
Ismajli,ismajli,Torino,torino,D,14,True,0.65,24.7,0,battle,4.754,0.028,0.042,0.164,0.009,0.009,,,0.693,1.039,4.04,0.231,0.231,,,0.0,0.0,0.0,3.23
Biraghi,biraghi,Torino,torino,D,23,False,0.85,32.3,0,starter,5.83,0.048,0.0,0.048,0.0,0.048,,,1.538,1.178,1.538,0.0,1.538,,,0.0,0.0,1.178,3.23
Gutierrez,gutierrez,Napoli,napoli,D,18,True,0.65,24.7,0,battle,4.831,0.034,0.034,0.114,0.0,0.006,,,0.842,0.842,2.807,0.0,0.14,,,0.0,0.0,0.0,0.0
Kolasinac,kolasinac,Atalanta,atalanta,D,15,True,0.65,24.7,0,battle,6.13,0.0,0.087,0.304,0.0,0.043,,,0.0,2.148,7.517,0.0,1.074,,,0.0,0.0,0.0,0.0
Luperto,luperto,Cagliari,cagliari,D,18,False,0.85,32.3,0,starter,6.0,0.028,0.056,0.111,0.0,0.0,,,0.897,1.794,3.589,0.0,0.0,,,0.0,0.0,0.0,3.23
Mina,mina,Cagliari,cagliari,D,21,False,0.85,32.3,0,starter,6.06,0.032,0.0,0.129,0.032,0.0,,,1.434,0.0,4.168,1.042,0.0,,,0.51,0.392,0.0,3.23
Comuzzo,comuzzo,Fiorentina,fiorentina,D,17,False,0.85,32.3,0,starter,5.91,0.036,0.0,0.179,0.0,0.0,,,1.154,0.0,5.768,0.0,0.0,,,0.0,0.0,0.0,3.23
Marì,mari,Fiorentina,fiorentina,D,13,,0.35,13.3,0,backup,5.84,0.0,0.0,0.125,0.031,0.0,,,0.0,0.0,1.662,0.416,0.0,,,0.0,0.0,0.0,0.0
Ranieri L.,ranieri l,Fiorentina,fiorentina,D,16,False,0.85,32.3,0,starter,5.92,0.028,0.056,0.194,0.0,0.0,,,1.42,1.794,6.281,0.0,0.0,,,0.68,0.523,0.0,0.0
Kelly L.,kelly l,Juventus,juventus,D,14,True,0.65,24.7,0,battle,5.67,0.015,0.01,0.103,0.003,0.0,,,0.373,0.249,2.54,0.062,0.0,,,0.0,0.0,0.0,0.0
Pavlovic,pavlovic,Milan,milan,D,21,False,0.85,32.3,0,starter,5.91,0.091,0.045,0.136,0.045,0.0,,,2.936,1.468,4.405,1.468,0.0,,,0.0,0.0,0.0,3.23
Spinazzola,spinazzola,Napoli,napoli,D,10,,0.35,13.3,0,backup,6.07,0.043,0.043,0.043,0.0,0.0,,,0.578,0.578,0.578,0.0,0.0,,,0.0,0.0,0.0,0.0
Celik,celik,Roma,roma,D,18,,0.35,13.3,0,backup,5.78,0.0,0.067,0.167,0.0,0.0,,,0.0,0.887,2.217,0.0,0.0,,,0.0,0.0,0.0,0.0
Maripan,maripan,Torino,torino,D,13,True,0.65,24.7,0,battle,5.93,0.036,0.0,0.143,0.036,0.0,,,0.882,0.0,3.529,0.882,0.0,,,0.0,0.0,0.0,0.0
Lazaro,lazaro,Torino,torino,D,19,True,0.65,24.7,0,battle,5.98,0.0,0.194,0.194,0.0,0.0,,,0.0,5.682,4.781,0.0,0.0,,,0.0,0.0,0.901,0.0
Kamara H.,kamara h,Udinese,udinese,D,19,True,0.65,24.7,0,battle,5.93,0.033,0.133,0.2,0.033,0.0,,,0.823,3.293,4.94,0.823,0.0,,,0.0,0.0,0.0,3.23
Cuadrado,cuadrado,Pisa,pisa,D,13,False,0.85,32.3,0,starter,5.142,0.037,0.046,0.151,0.011,0.007,,,1.205,1.491,4.879,0.344,0.225,,,0.0,0.0,0.0,3.23
Idzes,idzes,Sassuolo,sassuolo,D,17,False,0.85,32.3,0,starter,5.142,0.037,0.046,0.151,0.011,0.007,,,1.205,1.491,4.879,0.344,0.225,,,0.0,0.0,0.0,3.23
Ahanor,ahanor,Atalanta,atalanta,D,9,,0.35,13.3,0,backup,5.55,0.02,0.082,0.16,0.0,0.008,,,0.273,1.09,2.126,0.0,0.109,,,0.0,0.0,0.0,0.0
Zappa,zappa,Cagliari,cagliari,D,13,False,0.85,32.3,0,starter,5.75,0.056,0.0,0.111,0.0,0.0,,,1.794,0.0,3.589,0.0,0.0,,,0.0,0.0,0.0,3.23
Vojvoda,vojvoda,Como,como,D,10,False,0.85,32.3,0,starter,5.96,0.037,0.074,0.222,0.0,0.0,,,1.196,2.393,7.178,0.0,0.0,,,0.0,0.0,0.0,3.23
Valle,valle,Como,como,D,13,True,0.65,24.7,0,battle,5.81,0.004,0.011,0.167,0.005,0.0,,,0.087,0.261,4.121,0.13,0.0,,,0.0,0.0,0.0,0.0
Gabbia,gabbia,Milan,milan,D,16,True,0.65,24.7,0,battle,6.04,0.08,0.0,0.16,0.0,0.0,,,1.976,0.0,3.952,0.0,0.0,,,0.0,0.0,0.0,0.0
Doig,doig,Sassuolo,sassuolo,D,17,False,0.85,32.3,0,starter,5.142,0.037,0.046,0.151,0.011,0.007,,,1.205,1.491,4.879,0.344,0.225,,,0.0,0.0,0.0,3.23
Bertola,bertola,Udinese,udinese,D,11,True,0.65,24.7,0,battle,4.695,0.045,0.05,0.188,0.025,0.02,,,1.1,1.223,4.647,0.611,0.489,,,0.0,0.0,0.0,0.0
Candè,cande,Sassuolo,sassuolo,D,14,True,0.65,24.7,0,battle,5.142,0.037,0.046,0.151,0.011,0.007,,,0.921,1.14,3.731,0.263,0.172,,,0.0,0.0,0.0,0.0
Athekame,athekame,Milan,milan,D,14,,0.35,13.3,0,backup,5.285,0.045,0.028,0.169,0.022,0.017,,,0.598,0.374,2.242,0.299,0.224,,,0.0,0.0,0.0,0.0
Posch,posch,Bologna,bologna,D,10,,0.35,13.3,0,backup,4.84,0.011,0.084,0.135,0.011,0.006,,,0.149,1.121,1.793,0.149,0.075,,,0.0,0.0,0.0,0.0
Lykogiannis,lykogiannis,Bologna,bologna,D,12,,0.35,13.3,0,backup,6.0,0.002,0.217,0.177,0.002,0.001,,,0.03,2.884,2.354,0.03,0.015,,,0.0,0.0,0.0,0.0
Kempf,kempf,Como,como,D,15,True,0.65,24.7,0,battle,5.85,0.0,0.0,0.129,0.032,0.0,,,0.0,0.0,3.187,0.797,0.0,,,0.0,0.0,0.0,0.0
Floriani Mussolini,floriani mussolini,Cremonese,cremonese,D,11,True,0.65,24.7,0,battle,5.142,0.037,0.046,0.151,0.011,0.007,,,0.921,1.14,3.731,0.263,0.172,,,0.0,0.0,0.0,0.0
Pezzella Giu.,pezzella giu,Cremonese,cremonese,D,13,False,0.85,32.3,0,starter,5.142,0.037,0.046,0.151,0.011,0.007,,,1.205,1.491,4.879,0.344,0.225,,,0.0,0.0,0.0,3.23
Pongracic,pongracic,Fiorentina,fiorentina,D,16,False,0.85,32.3,0,starter,5.85,0.007,0.007,0.075,0.051,0.051,,,0.229,0.229,2.415,1.661,1.638,,,0.0,0.0,0.0,0.0
Parisi,parisi,Fiorentina,fiorentina,D,11,,0.35,13.3,0,backup,6.0,0.1,0.0,0.15,0.0,0.0,,,1.33,0.0,1.995,0.0,0.0,,,0.0,0.0,0.0,0.0
Sabelli,sabelli,Genoa,genoa,D,11,True,0.65,24.7,0,battle,5.87,0.0,0.067,0.1,0.0,0.0,,,0.0,1.647,2.47,0.0,0.0,,,0.0,0.0,0.0,0.0
Cabal,cabal,Juventus,juventus,D,10,,0.35,13.3,0,backup,6.33,0.026,0.018,0.142,0.004,0.0,,,0.351,0.234,1.895,0.059,0.0,,,0.0,0.0,0.0,0.0
Gallo,gallo,Lecce,lecce,D,15,False,0.85,32.3,0,starter,5.79,0.0,0.065,0.097,0.032,0.065,,,0.0,2.084,3.126,1.042,2.084,,,0.0,0.0,0.0,3.23
Jimenez A.,jimenez a,Milan,milan,D,18,True,0.65,24.7,0,battle,5.95,0.0,0.0,0.286,0.0,0.0,,,2.8,2.932,7.057,0.0,0.0,,,3.64,2.8,2.932,0.0
Circati,circati,Parma,parma,D,13,False,0.85,32.3,0,starter,5.83,0.039,0.027,0.159,0.012,0.008,,,1.263,0.884,5.152,0.379,0.253,,,0.0,0.0,0.0,3.23
Angori,angori,Pisa,pisa,D,14,False,0.85,32.3,0,starter,5.142,0.037,0.046,0.151,0.011,0.007,,,1.205,1.491,4.879,0.344,0.225,,,0.0,0.0,0.0,3.23
Rensch,rensch,Roma,roma,D,14,,0.35,13.3,0,backup,6.06,0.013,0.073,0.057,0.003,0.003,,,0.177,0.975,0.754,0.044,0.044,,,0.0,0.0,0.0,0.0
Muharemovic,muharemovic,Sassuolo,sassuolo,D,12,True,0.65,24.7,0,battle,5.142,0.037,0.046,0.151,0.011,0.007,,,0.921,1.14,3.731,0.263,0.172,,,0.0,0.0,0.0,0.0
Walukiewicz,walukiewicz,Sassuolo,sassuolo,D,11,False,0.85,32.3,0,starter,5.142,0.037,0.046,0.151,0.011,0.007,,,1.205,1.491,4.879,0.344,0.225,,,0.0,0.0,0.0,3.23
Kristensen T.,kristensen t,Udinese,udinese,D,12,True,0.65,24.7,0,battle,5.57,0.048,0.0,0.238,0.0,0.0,,,1.176,0.0,5.881,0.0,0.0,,,0.0,0.0,0.0,0.0
Ehizibue,ehizibue,Udinese,udinese,D,15,False,0.85,32.3,0,starter,5.85,0.0,0.032,0.161,0.0,0.0,,,0.0,1.042,5.21,0.0,0.0,,,0.0,0.0,0.0,3.23
Unai Nunez,unai nunez,Verona,verona,D,10,False,0.85,32.3,0,starter,4.143,0.03,0.02,0.207,0.02,0.0,,,0.955,0.636,6.683,0.636,0.0,,,0.0,0.0,0.0,3.23
Ostigard,ostigard,Genoa,genoa,D,13,False,0.85,32.3,0,starter,5.827,0.034,0.049,0.157,0.005,0.0,,,1.108,1.583,5.067,0.158,0.0,,,0.0,0.0,0.0,3.23
Casale,casale,Bologna,bologna,D,8,,0.35,13.3,0,backup,5.63,0.003,0.071,0.084,0.003,0.051,,,0.037,0.945,1.113,0.037,0.684,,,0.0,0.0,0.0,0.0
De Silvestri,de silvestri,Bologna,bologna,D,10,,0.35,13.3,0,backup,5.91,0.052,0.017,0.077,0.002,0.001,,,0.695,0.224,1.024,0.03,0.015,,,0.0,0.0,0.0,0.0
Obert,obert,Cagliari,cagliari,D,10,True,0.65,24.7,0,battle,5.95,0.053,0.053,0.206,0.0,0.0,,,1.302,1.302,5.096,0.006,0.0,,,0.0,0.0,0.0,0.0
Dossena,dossena,Como,como,D,11,,0.35,13.3,0,backup,5.8,0.0,0.087,0.0,0.043,0.0,,,0.0,1.157,0.0,0.578,0.0,,,0.0,0.0,0.0,0.0
Goldaniga,goldaniga,Como,como,D,6,True,0.65,24.7,0,battle,5.83,0.033,0.0,0.333,0.033,0.0,,,0.823,0.0,8.233,0.823,0.0,,,0.0,0.0,0.0,0.0
Van Der Brempt,van der brempt,Como,como,D,8,,0.35,13.3,0,backup,5.94,0.001,0.053,0.169,0.002,0.0,,,0.013,0.705,2.249,0.02,0.0,,,0.0,0.0,0.0,0.0
Folino,folino,Cremonese,cremonese,D,9,,0.35,13.3,0,backup,5.142,0.037,0.046,0.151,0.011,0.007,,,0.496,0.614,2.009,0.141,0.093,,,0.0,0.0,0.0,0.0
Ceccherini,ceccherini,Cremonese,cremonese,D,11,,0.35,13.3,0,backup,5.142,0.037,0.046,0.151,0.011,0.007,,,0.496,0.614,2.009,0.141,0.093,,,0.0,0.0,0.0,0.0
Viti,viti,Fiorentina,fiorentina,D,9,,0.35,13.3,0,backup,5.886,0.047,0.047,0.165,0.009,0.005,,,0.627,0.627,2.196,0.125,0.063,,,0.0,0.0,0.0,0.0
Darmian,darmian,Inter,inter,D,14,,0.35,13.3,0,backup,6.08,0.115,0.077,0.115,0.0,0.038,,,1.535,1.023,1.535,0.0,0.512,,,0.0,0.0,0.0,0.0
Gigot,gigot,Lazio,lazio,D,7,,0.35,13.3,0,backup,6.2,0.127,0.038,0.175,0.011,0.005,,,1.688,0.501,2.331,0.143,0.072,,,0.0,0.0,0.0,0.0
Patric,patric,Lazio,lazio,D,7,,0.35,13.3,0,backup,5.62,0.082,0.045,0.19,0.013,0.006,,,1.094,0.601,2.531,0.172,0.086,,,0.0,0.0,0.0,0.0
Lazzari,lazzari,Lazio,lazio,D,11,,0.35,13.3,0,backup,5.89,0.0,0.045,0.136,0.0,0.0,,,0.0,0.605,1.814,0.0,0.0,,,0.0,0.0,0.0,0.0
Kouassi,kouassi,Lecce,lecce,D,10,True,0.65,24.7,0,battle,5.315,0.027,0.027,0.096,0.021,0.016,,,0.657,0.657,2.365,0.526,0.394,,,0.0,0.0,0.0,0.0
Valenti,valenti,Parma,parma,D,9,True,0.65,24.7,0,battle,5.85,0.05,0.0,0.2,0.05,0.0,,,1.235,0.0,4.94,1.235,0.0,,,0.0,0.0,0.0,0.0
Caracciolo A.,caracciolo a,Pisa,pisa,D,8,True,0.65,24.7,0,battle,5.142,0.037,0.046,0.151,0.011,0.007,,,0.921,1.14,3.731,0.263,0.172,,,0.0,0.0,0.0,0.0
Mateus Lusuardi,mateus lusuardi,Pisa,pisa,D,7,True,0.65,24.7,0,battle,5.142,0.037,0.046,0.151,0.011,0.007,,,0.921,1.14,3.731,0.263,0.172,,,0.0,0.0,0.0,0.0
Salah-Eddine,salah-eddine,Roma,roma,D,7,,0.35,13.3,0,backup,5.5,0.02,0.085,0.085,0.005,0.005,,,0.266,1.13,1.13,0.066,0.066,,,0.0,0.0,0.0,0.0
Romagna,romagna,Sassuolo,sassuolo,D,9,,0.35,13.3,0,backup,5.142,0.037,0.046,0.151,0.011,0.007,,,0.496,0.614,2.009,0.141,0.093,,,0.0,0.0,0.0,0.0
Pedersen,pedersen,Torino,torino,D,9,True,0.65,24.7,0,battle,5.61,0.0,0.0,0.13,0.0,0.0,,,0.0,0.0,3.222,0.0,0.0,,,0.0,0.0,0.0,0.0
Ghilardi,ghilardi,Roma,roma,D,14,False,0.85,32.3,0,starter,4.621,0.022,0.039,0.094,0.006,0.006,,,0.718,1.256,3.051,0.179,0.179,,,0.0,0.0,0.0,0.0
Valentini N.,valentini n,Verona,verona,D,9,True,0.65,24.7,0,battle,5.61,0.009,0.006,0.212,0.056,0.0,,,0.219,0.146,5.238,1.381,0.0,,,0.0,0.0,0.0,0.0
Ebosse,ebosse,Verona,verona,D,11,False,0.85,28.3,1,starter,4.143,0.03,0.02,0.207,0.02,0.0,,,0.836,0.558,5.855,0.558,0.0,,,0.0,0.0,0.0,3.23
Ramon,ramon,Como,como,D,13,False,0.85,32.3,0,starter,4.601,0.01,0.03,0.191,0.015,0.0,,,0.325,0.974,6.168,0.487,0.0,,,0.0,0.0,0.0,3.23
Bradaric,bradaric,Verona,verona,D,8,True,0.65,24.7,0,battle,5.72,0.037,0.0,0.222,0.0,0.0,,,0.915,0.0,5.489,0.0,0.0,,,0.0,0.0,0.0,0.0
Ndiaye,ndiaye,Parma,parma,D,10,True,0.65,20.7,1,battle,5.222,0.056,0.039,0.156,0.017,0.011,,,1.156,0.809,3.238,0.347,0.231,,,0.0,0.0,0.0,0.0
Goglichidze,goglichidze,Udinese,udinese,D,10,True,0.65,24.7,0,battle,4.695,0.045,0.05,0.188,0.025,0.02,,,1.1,1.223,4.647,0.611,0.489,,,0.0,0.0,0.0,0.0
Heggem,heggem,Bologna,bologna,D,11,,0.35,13.3,0,backup,4.84,0.011,0.084,0.135,0.011,0.006,,,0.149,1.121,1.793,0.149,0.075,,,0.0,0.0,0.0,0.0
Belghali,belghali,Verona,verona,D,12,False,0.85,28.3,1,starter,4.143,0.03,0.02,0.207,0.02,0.0,,,0.836,0.558,5.855,0.558,0.0,,,0.0,0.0,0.0,0.0
Palestra,palestra,Atalanta,atalanta,D,8,,0.35,13.3,0,backup,6.0,0.017,0.07,0.136,0.0,0.007,,,0.232,0.927,1.807,0.0,0.093,,,0.0,0.0,0.0,0.0
Idrissi R.,idrissi r,Cagliari,cagliari,D,7,True,0.65,24.7,0,battle,4.428,0.054,0.054,0.126,0.005,0.0,,,1.335,1.335,3.115,0.111,0.0,,,0.0,0.0,0.0,0.0
Moreno Alb.,moreno alb,Como,como,D,7,True,0.65,24.7,0,battle,5.96,0.0,0.0,0.174,0.0,0.0,,,0.0,0.0,4.296,0.0,0.0,,,0.0,0.0,0.0,0.0
Bianchetti,bianchetti,Cremonese,cremonese,D,4,True,0.65,24.7,0,battle,5.142,0.037,0.046,0.151,0.011,0.007,,,0.921,1.14,3.731,0.263,0.172,,,0.0,0.0,0.0,0.0
Barbieri,barbieri,Cremonese,cremonese,D,8,True,0.65,24.7,0,battle,5.142,0.037,0.046,0.151,0.011,0.007,,,0.921,1.14,3.731,0.263,0.172,,,0.0,0.0,0.0,0.0
Fortini,fortini,Fiorentina,fiorentina,D,5,,0.35,13.3,0,backup,5.886,0.047,0.047,0.165,0.009,0.005,,,0.627,0.627,2.196,0.125,0.063,,,0.0,0.0,0.0,0.0
Marcandalli,marcandalli,Genoa,genoa,D,2,,0.35,13.3,0,backup,5.827,0.034,0.049,0.157,0.005,0.0,,,0.456,0.652,2.086,0.065,0.0,,,0.0,0.0,0.0,0.0
Vogliacco,vogliacco,Genoa,genoa,D,5,,0.35,13.3,0,backup,5.827,0.034,0.049,0.157,0.005,0.0,,,0.456,0.652,2.086,0.065,0.0,,,0.0,0.0,0.0,0.0
Norton-Cuffy,norton-cuffy,Genoa,genoa,D,7,True,0.65,24.7,0,battle,5.7,0.017,0.025,0.078,0.002,0.0,,,0.424,0.605,1.937,0.061,0.0,,,0.0,0.0,0.0,0.0
Rugani,rugani,Juventus,juventus,D,5,,0.35,13.3,0,backup,0.0,0.038,0.025,0.132,0.006,0.0,,,0.502,0.335,1.757,0.084,0.0,,,0.0,0.0,0.0,0.0
Savona,savona,Juventus,juventus,D,9,,0.35,13.3,0,backup,5.89,0.074,0.0,0.185,0.0,0.0,,,0.985,0.0,2.463,0.0,0.0,,,0.0,0.0,0.0,0.0
Provstgaard,provstgaard,Lazio,lazio,D,5,True,0.65,24.7,0,battle,6.5,0.051,0.072,0.193,0.02,0.01,,,1.262,1.766,4.767,0.505,0.252,,,0.0,0.0,0.0,0.0
Pellegrini Lu.,pellegrini lu,Lazio,lazio,D,8,,0.35,13.3,0,backup,6.08,0.003,0.154,0.258,0.001,0.001,,,0.036,2.045,3.425,0.014,0.007,,,0.0,0.0,0.0,0.0
Hysaj,hysaj,Lazio,lazio,D,6,,0.35,13.3,0,backup,5.88,0.032,0.195,0.09,0.063,0.006,,,0.429,2.596,1.201,0.837,0.086,,,0.0,0.0,0.0,0.0
Jean,jean,Lecce,lecce,D,3,,0.35,13.3,0,backup,5.75,0.003,0.003,0.01,0.002,0.002,,,0.035,0.035,0.127,0.028,0.021,,,0.0,0.0,0.0,0.0
Bartesaghi,bartesaghi,Milan,milan,D,5,,0.35,13.3,0,backup,5.33,0.038,0.024,0.143,0.069,0.014,,,0.508,0.318,1.905,0.919,0.191,,,0.0,0.0,0.0,0.0
Marianucci,marianucci,Napoli,napoli,D,9,,0.35,13.3,0,backup,4.831,0.034,0.034,0.114,0.0,0.006,,,0.453,0.453,1.511,0.0,0.076,,,0.0,0.0,0.0,0.0
Juan Jesus,juan jesus,Napoli,napoli,D,5,,0.35,13.3,0,backup,5.81,0.012,0.062,0.14,0.0,0.002,,,0.159,0.824,1.859,0.0,0.026,,,0.0,0.0,0.0,0.0
Zanoli,zanoli,Napoli,napoli,D,8,,0.35,13.3,0,backup,4.831,0.034,0.034,0.114,0.0,0.006,,,0.453,0.453,1.511,0.0,0.076,,,0.0,0.0,0.0,0.0
Mazzocchi,mazzocchi,Napoli,napoli,D,5,,0.35,13.3,0,backup,5.7,0.017,0.017,0.157,0.0,0.003,,,0.227,0.227,2.086,0.0,0.038,,,0.0,0.0,0.0,0.0
Balogh,balogh,Parma,parma,D,7,,0.35,13.3,0,backup,5.78,0.0,0.037,0.185,0.0,0.0,,,0.0,0.493,2.463,0.0,0.0,,,0.0,0.0,0.0,0.0
Canestrelli,canestrelli,Pisa,pisa,D,8,True,0.65,24.7,0,battle,5.142,0.037,0.046,0.151,0.011,0.007,,,0.921,1.14,3.731,0.263,0.172,,,0.0,0.0,0.0,0.0
Calabresi,calabresi,Pisa,pisa,D,8,False,0.85,32.3,0,starter,5.142,0.037,0.046,0.151,0.011,0.007,,,1.205,1.491,4.879,0.344,0.225,,,0.0,0.0,0.0,3.23
Hermoso,hermoso,Roma,roma,D,8,,0.35,13.3,0,backup,5.12,0.018,0.031,0.076,0.054,0.004,,,0.236,0.414,1.005,0.724,0.059,,,0.0,0.0,0.0,0.0
Odenthal,odenthal,Sassuolo,sassuolo,D,8,,0.35,13.3,0,backup,5.142,0.037,0.046,0.151,0.011,0.007,,,0.496,0.614,2.009,0.141,0.093,,,0.0,0.0,0.0,0.0
Schuurs,schuurs,Torino,torino,D,5,,0.35,13.3,0,backup,0.0,0.028,0.042,0.164,0.009,0.009,,,0.373,0.559,2.175,0.124,0.124,,,0.0,0.0,0.0,0.0
Masina,masina,Torino,torino,D,8,True,0.65,20.7,1,battle,5.96,0.042,0.125,0.208,0.0,0.0,,,0.862,2.588,4.312,0.0,0.0,,,0.0,0.0,0.0,0.0
Kabasele,kabasele,Udinese,udinese,D,6,,0.35,13.3,0,backup,5.84,0.109,0.01,0.038,0.005,0.004,,,1.449,0.132,0.5,0.066,0.053,,,0.0,0.0,0.0,0.0
Zemura,zemura,Udinese,udinese,D,8,True,0.65,20.7,1,battle,5.81,0.048,0.095,0.095,0.0,0.0,,,0.986,1.971,1.971,0.0,0.0,,,0.0,0.0,0.0,0.0
Rui Modesto,rui modesto,Udinese,udinese,D,6,,0.35,13.3,0,backup,4.695,0.045,0.05,0.188,0.025,0.02,,,0.593,0.658,2.502,0.329,0.263,,,0.0,0.0,0.0,0.0
Frese,frese,Verona,verona,D,9,False,0.85,32.3,0,starter,5.79,0.019,0.013,0.134,0.013,0.0,,,0.621,0.414,4.344,0.414,0.0,,,0.0,0.0,0.0,3.23
Bonfanti,bonfanti,Atalanta,atalanta,D,5,,0.35,13.3,0,backup,5.55,0.02,0.082,0.16,0.0,0.008,,,0.273,1.09,2.126,0.0,0.109,,,0.0,0.0,0.0,0.0
Di Pardo,di pardo,Cagliari,cagliari,D,4,,0.35,13.3,0,backup,0.0,0.054,0.054,0.126,0.005,0.0,,,0.719,0.719,1.677,0.06,0.0,,,0.0,0.0,0.0,0.0
Smolcic I.,smolcic i,Como,como,D,5,False,0.85,32.3,0,starter,5.81,0.006,0.018,0.215,0.009,0.0,,,0.195,0.584,6.931,0.292,0.0,,,0.0,0.0,0.0,3.23
Jack,jack,Como,como,D,4,,0.35,13.3,0,backup,5.0,0.01,0.029,0.231,0.014,0.0,,,0.127,0.381,3.078,0.19,0.0,,,0.0,0.0,0.0,0.0
Otoa,otoa,Genoa,genoa,D,3,,0.35,13.3,0,backup,5.17,0.029,0.042,0.183,0.054,0.0,,,0.388,0.554,2.438,0.72,0.0,,,0.0,0.0,0.0,0.0
Terracciano F.,terracciano f,Cremonese,cremonese,D,3,False,0.85,32.3,0,starter,5.142,0.037,0.046,0.151,0.011,0.007,,,1.205,1.491,4.879,0.344,0.225,,,0.0,0.0,0.0,3.23
Lovik,lovik,Parma,parma,D,10,False,0.85,32.3,0,starter,5.75,0.045,0.031,0.125,0.013,0.009,,,1.444,1.011,4.042,0.433,0.289,,,0.0,0.0,0.0,0.0
Rus,rus,Pisa,pisa,D,3,,0.35,13.3,0,backup,5.142,0.037,0.046,0.151,0.011,0.007,,,0.496,0.614,2.009,0.141,0.093,,,0.0,0.0,0.0,0.0
Missori,missori,Sassuolo,sassuolo,D,5,,0.35,13.3,0,backup,5.142,0.037,0.046,0.151,0.011,0.007,,,0.496,0.614,2.009,0.141,0.093,,,0.0,0.0,0.0,0.0
Pieragnolo,pieragnolo,Sassuolo,sassuolo,D,4,,0.35,13.3,0,backup,5.142,0.037,0.046,0.151,0.011,0.007,,,0.496,0.614,2.009,0.141,0.093,,,0.0,0.0,0.0,0.0
Slotsager,slotsager,Verona,verona,D,5,,0.35,13.3,0,backup,0.0,0.03,0.02,0.207,0.02,0.0,,,0.393,0.262,2.752,0.262,0.0,,,0.0,0.0,0.0,0.0
Oyegoke,oyegoke,Verona,verona,D,4,,0.35,13.3,0,backup,5.83,0.025,0.017,0.226,0.017,0.0,,,0.334,0.223,3.004,0.223,0.0,,,0.0,0.0,0.0,0.0
Denoon,denoon,Pisa,pisa,D,4,True,0.65,24.7,0,battle,5.142,0.037,0.046,0.151,0.011,0.007,,,0.921,1.14,3.731,0.263,0.172,,,0.0,0.0,0.0,0.0
Ilic M.,ilic m,Bologna,bologna,D,2,,0.35,13.3,0,backup,0.0,0.011,0.084,0.135,0.011,0.006,,,0.149,1.121,1.793,0.149,0.075,,,0.0,0.0,0.0,0.0
Veroli,veroli,Cagliari,cagliari,D,1,,0.35,13.3,0,backup,0.0,0.054,0.054,0.126,0.005,0.0,,,0.719,0.719,1.677,0.06,0.0,,,0.0,0.0,0.0,0.0
Sernicola,sernicola,Cremonese,cremonese,D,2,,0.35,13.3,0,backup,5.142,0.037,0.046,0.151,0.011,0.007,,,0.496,0.614,2.009,0.141,0.093,,,0.0,0.0,0.0,0.0
Rouhi,rouhi,Juventus,juventus,D,4,,0.35,13.3,0,backup,5.62,0.03,0.02,0.106,0.005,0.0,,,0.402,0.268,1.405,0.067,0.0,,,0.0,0.0,0.0,0.0
Tiago Gabriel,tiago gabriel,Lecce,lecce,D,2,False,0.85,32.3,0,starter,6.25,0.024,0.024,0.086,0.019,0.014,,,0.773,0.773,2.783,0.619,0.464,,,0.0,0.0,0.0,3.23
Perez M.,perez m,Lecce,lecce,D,1,,0.35,13.3,0,backup,5.315,0.027,0.027,0.096,0.021,0.016,,,0.354,0.354,1.273,0.283,0.212,,,0.0,0.0,0.0,0.0
Veiga D.,veiga d,Lecce,lecce,D,2,True,0.65,20.7,1,battle,5.73,0.012,0.012,0.043,0.01,0.007,,,0.248,0.967,0.892,0.198,0.149,,,0.0,0.0,0.719,0.0
Ndaba,ndaba,Lecce,lecce,D,2,,0.35,13.3,0,backup,5.315,0.027,0.027,0.096,0.021,0.016,,,0.354,0.354,1.273,0.283,0.212,,,0.0,0.0,0.0,0.0
Coppola F.,coppola f,Pisa,pisa,D,4,,0.35,13.3,0,backup,5.142,0.037,0.046,0.151,0.011,0.007,,,0.496,0.614,2.009,0.141,0.093,,,0.0,0.0,0.0,0.0
Mbambi,mbambi,Pisa,pisa,D,2,,0.35,13.3,0,backup,5.142,0.037,0.046,0.151,0.011,0.007,,,0.496,0.614,2.009,0.141,0.093,,,0.0,0.0,0.0,0.0
Esteves T.,esteves t,Pisa,pisa,D,2,,0.35,13.3,0,backup,5.142,0.037,0.046,0.151,0.011,0.007,,,0.496,0.614,2.009,0.141,0.093,,,0.0,0.0,0.0,0.0
Paz Y.,paz y,Sassuolo,sassuolo,D,5,,0.35,13.3,0,backup,5.142,0.037,0.046,0.151,0.011,0.007,,,0.496,0.614,2.009,0.141,0.093,,,0.0,0.0,0.0,0.0
Dembelè A.,dembele a,Torino,torino,D,3,,0.35,9.3,1,backup,5.67,0.065,0.023,0.09,0.055,0.005,,,1.136,0.554,0.837,0.513,0.048,,,0.685,0.527,0.339,0.0
Palma,palma,Udinese,udinese,D,3,True,0.65,24.7,0,battle,4.695,0.045,0.05,0.188,0.025,0.02,,,1.1,1.223,4.647,0.611,0.489,,,0.0,0.0,0.0,0.0
Godfrey,godfrey,Atalanta,atalanta,D,1,,0.35,13.3,0,backup,6.0,0.019,0.078,0.152,0.0,0.008,,,0.259,1.036,2.02,0.0,0.104,,,0.0,0.0,0.0,0.0
Orsolini,orsolini,Bologna,bologna,C,220,False,0.85,32.3,0,starter,6.53,0.517,0.138,0.069,0.0,0.0,,,17.622,4.455,2.228,0.0,0.0,,,1.19,0.915,0.0,0.0
Pulisic,pulisic,Milan,milan,C,216,False,0.85,32.3,0,starter,6.38,0.324,0.235,0.029,0.0,0.0,,,11.496,7.6,0.95,0.0,0.0,,,1.36,1.046,0.0,0.0
Zaccagni,zaccagni,Lazio,lazio,C,205,False,0.85,32.3,0,starter,6.28,0.235,0.176,0.294,0.0,0.0,,,10.804,11.59,9.5,0.0,0.0,,,4.165,3.204,5.89,0.0
McTominay,mctominay,Napoli,napoli,C,201,False,0.85,32.3,0,starter,6.56,0.353,0.088,0.088,0.0,0.0,,,11.4,2.85,2.85,0.0,0.0,,,0.0,0.0,0.0,0.0
Gudmundsson A.,gudmundsson a,Fiorentina,fiorentina,C,177,False,0.85,32.3,0,starter,5.932,0.09,0.08,0.171,0.01,0.0,,,3.968,2.597,5.519,0.325,0.0,,,1.36,1.046,0.0,0.0
Calhanoglu,calhanoglu,Inter,inter,C,151,False,0.85,32.3,0,starter,6.34,0.179,0.214,0.179,0.0,0.0,,,9.887,6.921,5.768,0.0,0.0,,,5.355,4.119,0.0,0.0
De Bruyne,de bruyne,Napoli,napoli,C,147,False,0.85,32.3,0,starter,4.819,0.13,0.097,0.092,0.0,0.0,,,4.844,3.143,2.968,0.0,0.0,,,0.85,0.654,0.0,0.0
Paz N.,paz n,Como,como,C,124,False,0.85,32.3,0,starter,6.38,0.182,0.212,0.182,0.0,0.0,,,5.873,6.852,5.873,0.0,0.0,,,0.0,0.0,0.0,0.0
Conceicao,conceicao,Juventus,juventus,C,88,False,0.85,32.3,0,starter,6.12,0.12,0.12,0.12,0.04,0.0,,,3.876,3.876,3.876,1.292,0.0,,,0.0,0.0,0.0,0.0
Odgaard,odgaard,Bologna,bologna,C,78,True,0.65,24.7,0,battle,5.019,0.168,0.071,0.114,0.011,0.0,,,4.161,1.745,2.819,0.268,0.0,,,0.0,0.0,0.0,0.0
Thuram K.,thuram k,Juventus,juventus,C,63,False,0.85,32.3,0,starter,6.3,0.121,0.152,0.152,0.0,0.0,,,3.915,4.894,4.894,0.0,0.0,,,0.0,0.0,0.0,0.0
Bailey,bailey,Roma,roma,C,70,True,0.65,24.7,0,battle,6.088,0.118,0.069,0.201,0.0,0.0,,,2.906,1.695,4.964,0.0,0.0,,,0.0,0.0,0.0,0.0
Ederson D.S.,ederson d s,Atalanta,atalanta,C,58,False,0.85,32.3,0,starter,6.17,0.111,0.056,0.083,0.028,0.0,,,3.589,1.794,2.692,0.897,0.0,,,0.0,0.0,0.0,0.0
Zambo Anguissa,zambo anguissa,Napoli,napoli,C,54,False,0.85,28.3,1,starter,6.41,0.171,0.114,0.143,0.0,0.0,,,4.851,3.234,4.043,0.0,0.0,,,0.0,0.0,0.0,0.0
Politano,politano,Napoli,napoli,C,55,True,0.65,24.7,0,battle,6.11,0.081,0.108,0.081,0.0,0.0,,,2.003,2.67,2.003,0.0,0.0,,,0.0,0.0,0.0,0.0
Vlasic,vlasic,Torino,torino,C,46,True,0.65,24.7,0,battle,6.07,0.167,0.1,0.0,0.0,0.0,,,4.517,2.47,0.0,0.0,0.0,,,0.52,0.4,0.0,0.0
Mandragora,mandragora,Fiorentina,fiorentina,C,25,True,0.65,24.7,0,battle,6.19,0.148,0.148,0.259,0.0,0.0,,,3.659,3.659,6.404,0.0,0.0,,,0.0,0.0,0.0,0.0
Barella,barella,Inter,inter,C,58,False,0.85,32.3,0,starter,6.26,0.091,0.182,0.121,0.0,0.0,,,2.936,8.584,3.915,0.0,0.0,,,0.0,0.0,2.712,0.0
Frattesi,frattesi,Inter,inter,C,47,True,0.65,24.7,0,battle,6.02,0.217,0.043,0.043,0.0,0.0,,,5.37,1.074,1.074,0.0,0.0,,,0.0,0.0,0.0,0.0
Koopmeiners,koopmeiners,Juventus,juventus,C,37,True,0.65,24.7,0,battle,5.98,0.107,0.143,0.107,0.0,0.0,,,2.646,3.529,2.646,0.0,0.0,,,0.0,0.0,0.0,0.0
Isaksen,isaksen,Lazio,lazio,C,45,True,0.65,24.7,0,battle,4.68,0.081,0.092,0.238,0.016,0.0,,,2.003,2.27,5.875,0.401,0.0,,,0.0,0.0,0.0,0.0
Konè M.,kone m,Roma,roma,C,40,False,0.85,32.3,0,starter,6.26,0.061,0.03,0.182,0.0,0.0,,,1.958,0.979,5.873,0.0,0.0,,,0.0,0.0,0.0,0.0
Neres,neres,Napoli,napoli,C,41,,0.35,13.3,0,backup,6.32,0.08,0.2,0.08,0.0,0.0,,,1.064,2.66,1.064,0.0,0.0,,,0.0,0.0,0.0,0.0
Ondrejka,ondrejka,Parma,parma,C,15,,0.35,13.3,0,backup,6.35,0.298,0.022,0.068,0.002,0.0,,,3.957,0.299,0.898,0.033,0.0,,,0.0,0.0,0.0,0.0
Jashari,jashari,Milan,milan,C,39,False,0.85,32.3,0,starter,5.459,0.121,0.107,0.107,0.009,0.0,,,3.906,7.289,3.455,0.3,0.0,,,0.0,0.0,3.834,0.0
De Roon,de roon,Atalanta,atalanta,C,33,False,0.85,32.3,0,starter,6.15,0.111,0.111,0.139,0.0,0.0,,,3.589,3.589,4.486,0.0,0.0,,,0.0,0.0,0.0,0.0
Samardzic,samardzic,Atalanta,atalanta,C,35,True,0.65,24.7,0,battle,6.09,0.071,0.0,0.107,0.0,0.0,,,1.764,0.0,2.646,0.0,0.0,,,0.0,0.0,0.0,0.0
Caqueret,caqueret,Como,como,C,21,True,0.65,24.7,0,battle,6.34,0.124,0.17,0.23,0.002,0.0,,,3.062,4.195,5.675,0.061,0.0,,,0.0,0.0,0.0,0.0
Da Cunha,da cunha,Como,como,C,33,True,0.65,24.7,0,battle,6.1,0.086,0.057,0.114,0.0,0.0,,,2.117,1.411,2.823,0.0,0.0,,,0.0,0.0,0.0,0.0
Vandeputte,vandeputte,Cremonese,cremonese,C,36,True,0.65,24.7,0,battle,5.286,0.086,0.067,0.143,0.007,0.001,,,2.132,1.66,3.524,0.166,0.021,,,0.0,0.0,0.0,0.0
Gronbaek,gronbaek,Genoa,genoa,C,37,False,0.85,32.3,0,starter,5.593,0.068,0.045,0.119,0.0,0.011,,,2.321,1.46,3.832,0.0,0.365,,,0.17,0.131,0.0,0.0
Locatelli,locatelli,Juventus,juventus,C,32,True,0.65,24.7,0,battle,6.19,0.057,0.029,0.257,0.0,0.0,,,1.711,0.706,6.351,0.0,0.0,,,0.39,0.3,0.0,0.0
Saelemaekers,saelemaekers,Milan,milan,C,35,True,0.65,24.7,0,battle,5.459,0.121,0.107,0.107,0.009,0.0,,,2.987,2.642,2.642,0.23,0.0,,,0.0,0.0,0.0,0.0
Modric,modric,Milan,milan,C,40,False,0.85,32.3,0,starter,5.459,0.121,0.107,0.107,0.009,0.0,,,4.429,3.455,3.455,0.3,0.0,,,0.68,0.523,0.0,0.0
Sohm,sohm,Fiorentina,fiorentina,C,34,False,0.85,32.3,0,starter,5.932,0.09,0.08,0.171,0.01,0.0,,,2.922,2.597,5.519,0.325,0.0,,,0.0,0.0,0.0,0.0
Tramoni M.,tramoni m,Pisa,pisa,C,42,False,0.85,32.3,0,starter,5.286,0.086,0.067,0.143,0.007,0.001,,,2.787,2.171,4.609,0.217,0.027,,,0.0,0.0,0.0,0.0
Casadei,casadei,Torino,torino,C,30,False,0.85,32.3,0,starter,6.03,0.073,0.059,0.088,0.001,0.0,,,2.349,1.89,2.854,0.046,0.0,,,0.0,0.0,0.0,0.0
Freuler,freuler,Bologna,bologna,C,23,False,0.85,32.3,0,starter,6.19,0.027,0.027,0.162,0.0,0.0,,,0.873,0.873,5.238,0.0,0.0,,,0.0,0.0,0.0,0.0
Ferguson,ferguson,Bologna,bologna,C,23,False,0.85,32.3,0,starter,6.11,0.101,0.071,0.034,0.003,0.0,,,3.248,2.3,1.106,0.105,0.0,,,0.0,0.0,0.0,0.0
Fazzini,fazzini,Fiorentina,fiorentina,C,27,,0.35,13.3,0,backup,5.932,0.09,0.08,0.171,0.01,0.0,,,1.203,1.069,2.272,0.134,0.0,,,0.0,0.0,0.0,0.0
Carboni V.,carboni v,Genoa,genoa,C,29,False,0.85,32.3,0,starter,5.593,0.068,0.045,0.119,0.0,0.011,,,2.19,1.46,3.832,0.0,0.365,,,0.0,0.0,0.0,0.0
Guendouzi,guendouzi,Lazio,lazio,C,23,False,0.85,32.3,0,starter,6.04,0.027,0.054,0.216,0.0,0.0,,,0.873,1.746,6.984,0.0,0.0,,,0.0,0.0,0.0,0.0
Dele-Bashiru,dele-bashiru,Lazio,lazio,C,33,True,0.65,20.7,1,battle,6.06,0.162,0.064,0.036,0.002,0.0,,,3.357,1.32,0.738,0.05,0.0,,,0.0,0.0,0.0,0.0
Fofana Y.,fofana y,Milan,milan,C,34,,0.35,13.3,0,backup,6.03,0.029,0.176,0.147,0.0,0.0,,,0.391,2.347,1.956,0.0,0.0,,,0.0,0.0,0.0,0.0
Bernabè,bernabe,Parma,parma,C,36,False,0.85,32.3,0,starter,6.29,0.055,0.052,0.057,0.0,0.0,,,1.768,5.474,1.833,0.008,0.0,,,0.0,0.0,3.787,0.0
Pellegrini Lo.,pellegrini lo,Roma,roma,C,20,,0.35,13.3,0,backup,5.68,0.08,0.04,0.16,0.0,0.0,,,1.064,2.438,2.128,0.0,0.0,,,0.0,0.0,1.906,0.0
Sottil,sottil,Lecce,lecce,C,23,True,0.65,24.7,0,battle,4.882,0.034,0.038,0.13,0.0,0.0,,,0.831,1.808,3.206,0.0,0.0,,,0.0,0.0,0.858,0.0
Fabbian,fabbian,Bologna,bologna,C,17,,0.35,13.3,0,backup,6.09,0.136,0.0,0.091,0.0,0.0,,,1.814,0.0,1.209,0.0,0.0,,,0.0,0.0,0.0,0.0
Vazquez,vazquez,Cremonese,cremonese,C,30,True,0.65,24.7,0,battle,5.286,0.086,0.067,0.143,0.007,0.001,,,2.132,1.66,3.524,0.166,0.021,,,0.0,0.0,0.0,0.0
McKennie,mckennie,Juventus,juventus,C,18,,0.35,13.3,0,backup,5.94,0.065,0.097,0.097,0.0,0.0,,,0.858,1.287,1.287,0.0,0.0,,,0.0,0.0,0.0,0.0
Pierotti,pierotti,Lecce,lecce,C,20,False,0.85,32.3,0,starter,4.882,0.034,0.038,0.13,0.0,0.0,,,1.087,1.242,4.193,0.0,0.0,,,0.0,0.0,0.0,0.0
Ricci S.,ricci s,Milan,milan,C,25,True,0.65,24.7,0,battle,5.459,0.121,0.107,0.107,0.009,0.0,,,2.987,2.642,2.642,0.23,0.0,,,0.0,0.0,0.0,0.0
Anjorin,anjorin,Torino,torino,C,23,False,0.85,32.3,0,starter,5.981,0.091,0.034,0.153,0.006,0.0,,,2.936,1.101,4.955,0.184,0.0,,,0.0,0.0,0.0,0.0
Ekkelenkamp,ekkelenkamp,Udinese,udinese,C,22,True,0.65,24.7,0,battle,5.97,0.091,0.061,0.061,0.0,0.0,,,2.645,1.497,1.497,0.0,0.0,,,0.52,0.4,0.0,0.0
Pasalic,pasalic,Atalanta,atalanta,C,28,True,0.65,24.7,0,battle,5.91,0.091,0.061,0.03,0.0,0.0,,,2.245,1.497,0.748,0.0,0.0,,,0.0,0.0,0.0,0.0
Maldini,maldini,Atalanta,atalanta,C,24,True,0.65,24.7,0,battle,6.02,0.222,0.0,0.185,0.0,0.0,,,5.489,0.0,4.574,0.0,0.0,,,0.0,0.0,0.0,0.0
Bernardeschi,bernardeschi,Bologna,bologna,C,24,True,0.65,24.7,0,battle,5.019,0.168,0.071,0.114,0.011,0.0,,,4.511,1.745,2.819,0.268,0.0,,,0.455,0.35,0.0,0.0
Folorunsho,folorunsho,Cagliari,cagliari,C,27,False,0.85,32.3,0,starter,5.257,0.056,0.076,0.096,0.01,0.0,,,1.794,2.447,3.099,0.326,0.0,,,0.0,0.0,0.0,0.0
Baturina,baturina,Como,como,C,28,True,0.65,24.7,0,battle,5.216,0.12,0.099,0.149,0.012,0.0,,,2.96,2.45,3.674,0.306,0.0,,,0.0,0.0,0.0,0.0
Frendrup,frendrup,Genoa,genoa,C,21,False,0.85,32.3,0,starter,6.0,0.057,0.0,0.143,0.0,0.029,,,1.846,0.0,4.614,0.0,0.923,,,0.0,0.0,0.0,0.0
Sucic P.,sucic p,Inter,inter,C,24,True,0.65,24.7,0,battle,6.085,0.109,0.132,0.115,0.0,0.0,,,2.697,5.338,2.839,0.0,0.0,,,0.0,0.0,2.074,0.0
Mkhitaryan,mkhitaryan,Inter,inter,C,33,True,0.65,24.7,0,battle,6.06,0.031,0.156,0.125,0.0,0.0,,,0.772,3.859,3.088,0.0,0.0,,,0.0,0.0,0.0,0.0
Tete Morente,tete morente,Lecce,lecce,C,19,True,0.65,24.7,0,battle,5.87,0.1,0.067,0.167,0.0,0.0,,,2.47,2.505,4.117,0.0,0.0,,,0.0,0.0,0.858,0.0
Lobotka,lobotka,Napoli,napoli,C,23,False,0.85,32.3,0,starter,6.05,0.0,0.032,0.097,0.0,0.0,,,0.0,1.042,3.126,0.0,0.0,,,0.0,0.0,0.0,0.0
Cristante,cristante,Roma,roma,C,23,,0.35,13.3,0,backup,6.2,0.143,0.107,0.286,0.0,0.0,,,1.9,1.425,3.8,0.0,0.0,,,0.0,0.0,0.0,0.0
El Aynaoui,el aynaoui,Roma,roma,C,26,False,0.85,28.3,1,starter,6.088,0.118,0.069,0.201,0.0,0.0,,,3.788,1.942,5.688,0.0,0.0,,,0.596,0.458,0.0,0.0
Lovric,lovric,Udinese,udinese,C,24,True,0.65,24.7,0,battle,5.96,0.057,0.057,0.143,0.0,0.0,,,1.411,1.411,3.529,0.0,0.0,,,0.0,0.0,0.0,0.0
Suslov,suslov,Verona,verona,C,14,,0.35,13.3,0,backup,5.84,0.0,0.032,0.161,0.032,0.0,,,0.377,0.429,2.145,0.429,0.0,,,0.49,0.377,0.0,0.0
Brescianini,brescianini,Atalanta,atalanta,C,23,,0.35,13.3,0,backup,6.13,0.174,0.087,0.043,0.0,0.0,,,2.313,1.157,0.578,0.0,0.0,,,0.0,0.0,0.0,0.0
Pobega,pobega,Bologna,bologna,C,22,,0.35,13.3,0,backup,6.05,0.1,0.1,0.2,0.1,0.0,,,1.33,1.33,2.66,1.33,0.0,,,0.0,0.0,0.0,0.0
Gaetano,gaetano,Cagliari,cagliari,C,12,True,0.65,24.7,0,battle,6.04,0.074,0.148,0.0,0.0,0.0,,,1.83,3.659,0.0,0.0,0.0,,,0.0,0.0,0.0,0.0
Perrone,perrone,Como,como,C,19,True,0.65,24.7,0,battle,5.94,0.0,0.12,0.24,0.0,0.0,,,0.0,2.964,5.928,0.0,0.0,,,0.0,0.0,0.0,0.0
Collocolo,collocolo,Cremonese,cremonese,C,23,True,0.65,24.7,0,battle,5.286,0.086,0.067,0.143,0.007,0.001,,,2.132,1.66,3.524,0.166,0.021,,,0.0,0.0,0.0,0.0
Fagioli,fagioli,Fiorentina,fiorentina,C,24,True,0.65,24.7,0,battle,5.92,0.042,0.083,0.167,0.0,0.0,,,1.029,2.058,4.117,0.0,0.0,,,0.0,0.0,0.0,0.0
Messias,messias,Genoa,genoa,C,18,,0.35,13.3,0,backup,6.0,0.064,0.059,0.074,0.0,0.002,,,0.845,0.785,0.981,0.0,0.03,,,0.0,0.0,0.0,0.0
Malinovskyi,malinovskyi,Genoa,genoa,C,25,True,0.65,24.7,0,battle,6.33,0.037,0.125,0.165,0.0,0.006,,,1.621,3.084,4.082,0.0,0.154,,,0.91,0.7,0.0,0.0
Stanciu,stanciu,Genoa,genoa,C,25,True,0.65,24.7,0,battle,5.593,0.068,0.045,0.119,0.0,0.011,,,1.675,1.116,2.931,0.0,0.279,,,0.0,0.0,0.0,0.0
Rovella,rovella,Lazio,lazio,C,22,False,0.85,32.3,0,starter,6.11,0.0,0.091,0.394,0.0,0.0,,,0.0,2.936,12.724,0.0,0.0,,,0.0,0.0,0.0,0.0
Helgason,helgason,Lecce,lecce,C,24,True,0.65,24.7,0,battle,6.03,0.005,0.206,0.019,0.0,0.0,,,0.125,5.94,0.481,0.0,0.0,,,0.0,0.0,0.858,0.0
Loftus-Cheek,loftus-cheek,Milan,milan,C,16,True,0.65,24.7,0,battle,5.86,0.012,0.011,0.161,0.001,0.0,,,0.299,0.264,3.969,0.023,0.0,,,0.0,0.0,0.0,0.0
El Shaarawy,el shaarawy,Roma,roma,C,19,,0.35,13.3,0,backup,6.19,0.143,0.143,0.095,0.0,0.0,,,1.9,1.9,1.267,0.0,0.0,,,0.0,0.0,0.0,0.0
Baldanzi,baldanzi,Roma,roma,C,16,,0.35,13.3,0,backup,6.0,0.048,0.048,0.095,0.0,0.0,,,0.633,0.633,1.267,0.0,0.0,,,0.0,0.0,0.0,0.0
Thorstvedt,thorstvedt,Sassuolo,sassuolo,C,24,False,0.85,32.3,0,starter,5.286,0.086,0.067,0.143,0.007,0.001,,,2.787,2.171,4.609,0.217,0.027,,,0.0,0.0,0.0,0.0
Valoti,valoti,Cremonese,cremonese,C,9,,0.35,13.3,0,backup,5.286,0.086,0.067,0.143,0.007,0.001,,,1.148,0.894,1.898,0.09,0.011,,,0.0,0.0,0.0,0.0
Luis Henrique,luis henrique,Inter,inter,C,14,,0.35,13.3,0,backup,6.085,0.109,0.132,0.115,0.0,0.0,,,1.452,1.758,1.529,0.0,0.0,,,0.0,0.0,0.0,0.0
Coulibaly L.,coulibaly l,Lecce,lecce,C,14,False,0.85,28.3,1,starter,5.96,0.027,0.0,0.081,0.0,0.0,,,0.765,0.0,2.295,0.0,0.0,,,0.0,0.0,0.0,0.0
Gilmour,gilmour,Napoli,napoli,C,12,,0.35,13.3,0,backup,6.0,0.019,0.065,0.014,0.0,0.0,,,0.259,0.859,0.183,0.0,0.0,,,0.0,0.0,0.0,0.0
Hernani,hernani,Parma,parma,C,18,,0.35,13.3,0,backup,6.08,0.12,0.12,0.28,0.0,0.0,,,1.596,3.155,3.724,0.0,0.0,,,0.0,0.0,1.559,0.0
Pisilli,pisilli,Roma,roma,C,15,,0.35,13.3,0,backup,5.98,0.083,0.042,0.292,0.0,0.0,,,1.108,0.554,3.879,0.0,0.0,,,0.0,0.0,0.0,0.0
Ilic,ilic,Torino,torino,C,12,True,0.65,24.7,0,battle,5.91,0.068,0.007,0.231,0.001,0.0,,,1.684,1.069,5.698,0.028,0.0,,,0.0,0.0,0.901,0.0
Harroui,harroui,Verona,verona,C,14,True,0.65,24.7,0,battle,5.95,0.074,0.13,0.137,0.012,0.0,,,2.027,3.21,3.38,0.296,0.0,,,0.26,0.2,0.0,0.0
Felici,felici,Cagliari,cagliari,C,13,,0.35,13.3,0,backup,5.83,0.006,0.158,0.06,0.001,0.0,,,0.074,2.096,0.793,0.013,0.0,,,0.0,0.0,0.0,0.0
Zalewski,zalewski,Atalanta,atalanta,C,22,True,0.65,24.7,0,battle,4.738,0.132,0.053,0.101,0.005,0.0,,,3.267,1.307,2.483,0.131,0.0,,,0.0,0.0,0.0,0.0
Vecino,vecino,Lazio,lazio,C,14,True,0.65,24.7,0,battle,6.14,0.108,0.159,0.374,0.002,0.0,,,2.67,3.932,9.232,0.04,0.0,,,0.0,0.0,0.0,0.0
Maleh,maleh,Lecce,lecce,C,6,,0.35,13.3,0,backup,4.882,0.034,0.038,0.13,0.0,0.0,,,0.448,0.512,1.726,0.0,0.0,,,0.0,0.0,0.0,0.0
Pierret,pierret,Lecce,lecce,C,12,True,0.65,24.7,0,battle,5.75,0.0,0.0,0.067,0.0,0.0,,,0.0,0.0,1.647,0.0,0.0,,,0.0,0.0,0.0,0.0
Ramadani,ramadani,Lecce,lecce,C,11,True,0.65,24.7,0,battle,5.85,0.037,0.037,0.111,0.0,0.0,,,0.915,1.773,2.744,0.0,0.0,,,0.0,0.0,0.858,0.0
Musah,musah,Milan,milan,C,9,,0.35,13.3,0,backup,5.69,0.0,0.077,0.192,0.0,0.0,,,0.0,1.023,2.558,0.0,0.0,,,0.0,0.0,0.0,0.0
Keita M.,keita m,Parma,parma,C,10,False,0.85,28.3,1,starter,5.73,0.0,0.036,0.143,0.036,0.0,,,0.0,1.011,4.043,1.011,0.0,,,0.0,0.0,0.0,0.0
Piccinini G.,piccinini g,Pisa,pisa,C,9,True,0.65,24.7,0,battle,5.286,0.086,0.067,0.143,0.007,0.001,,,2.132,1.66,3.524,0.166,0.021,,,0.0,0.0,0.0,0.0
Tourè I.,toure i,Pisa,pisa,C,16,False,0.85,28.3,1,starter,5.286,0.086,0.067,0.143,0.007,0.001,,,2.442,1.902,4.038,0.19,0.024,,,0.0,0.0,0.0,0.0
Tourè I.,toure i,Pisa,pisa,C,16,False,0.85,28.3,1,starter,5.286,0.086,0.067,0.143,0.007,0.001,,,2.442,1.902,4.038,0.19,0.024,,,0.0,0.0,0.0,0.0
Marin M.,marin m,Pisa,pisa,C,8,True,0.65,24.7,0,battle,5.286,0.086,0.067,0.143,0.007,0.001,,,2.132,1.66,3.524,0.166,0.021,,,0.0,0.0,0.0,0.0
Boloca,boloca,Sassuolo,sassuolo,C,13,False,0.85,32.3,0,starter,5.286,0.086,0.067,0.143,0.007,0.001,,,2.787,2.171,4.609,0.217,0.027,,,0.0,0.0,0.0,0.0
Konè I.,kone i,Sassuolo,sassuolo,C,14,False,0.85,32.3,0,starter,5.286,0.086,0.067,0.143,0.007,0.001,,,2.787,2.171,4.609,0.217,0.027,,,0.0,0.0,0.0,0.0
Fadera,fadera,Sassuolo,sassuolo,C,13,,0.35,13.3,0,backup,5.286,0.086,0.067,0.143,0.007,0.001,,,1.148,0.894,1.898,0.09,0.011,,,0.0,0.0,0.0,0.0
Karlstrom,karlstrom,Udinese,udinese,C,14,False,0.85,32.3,0,starter,5.85,0.0,0.054,0.243,0.0,0.0,,,0.0,1.746,7.857,0.0,0.0,,,0.0,0.0,0.0,0.0
Atta,atta,Udinese,udinese,C,24,False,0.85,28.3,1,starter,6.0,0.0,0.0,0.217,0.0,0.0,,,0.0,0.0,6.152,0.0,0.0,,,0.0,0.0,0.0,0.0
Piotrowski,piotrowski,Udinese,udinese,C,12,True,0.65,24.7,0,battle,5.886,0.037,0.043,0.144,0.0,0.0,,,0.925,1.057,3.566,0.0,0.0,,,0.0,0.0,0.0,0.0
Sorensen O.,sorensen o,Parma,parma,C,14,True,0.65,24.7,0,battle,5.443,0.095,0.045,0.135,0.005,0.0,,,2.346,1.112,3.335,0.124,0.0,,,0.0,0.0,0.0,0.0
Adopo,adopo,Cagliari,cagliari,C,14,False,0.85,32.3,0,starter,5.87,0.029,0.029,0.088,0.029,0.0,,,0.95,0.95,2.85,0.95,0.0,,,0.0,0.0,0.0,0.0
Deiola,deiola,Cagliari,cagliari,C,11,,0.35,13.3,0,backup,5.98,0.08,0.04,0.24,0.0,0.0,,,1.064,0.532,3.192,0.0,0.0,,,0.0,0.0,0.0,0.0
Masini,masini,Genoa,genoa,C,10,False,0.85,32.3,0,starter,6.06,0.057,0.005,0.112,0.0,0.001,,,1.834,0.146,3.613,0.0,0.036,,,0.0,0.0,0.0,0.0
Ellertsson,ellertsson,Genoa,genoa,C,13,,0.35,13.3,0,backup,5.593,0.068,0.045,0.119,0.0,0.011,,,0.902,0.601,1.578,0.0,0.15,,,0.0,0.0,0.0,0.0
Thorsby,thorsby,Genoa,genoa,C,12,,0.35,13.3,0,backup,5.78,0.0,0.037,0.185,0.0,0.037,,,0.0,0.493,2.463,0.0,0.493,,,0.0,0.0,0.0,0.0
Miretti,miretti,Juventus,juventus,C,9,,0.35,13.3,0,backup,4.965,0.092,0.082,0.15,0.005,0.0,,,1.221,1.092,1.992,0.064,0.0,,,0.0,0.0,0.0,0.0
Cataldi,cataldi,Lazio,lazio,C,7,,0.35,13.3,0,backup,4.68,0.081,0.092,0.238,0.016,0.0,,,1.078,1.222,3.163,0.216,0.0,,,0.0,0.0,0.0,0.0
Ordonez C.,ordonez c,Parma,parma,C,13,True,0.65,24.7,0,battle,5.443,0.095,0.045,0.135,0.005,0.0,,,2.346,4.007,3.335,0.124,0.0,,,0.0,0.0,2.896,0.0
Volpato,volpato,Sassuolo,sassuolo,C,13,,0.35,13.3,0,backup,5.286,0.086,0.067,0.143,0.007,0.001,,,1.148,0.894,1.898,0.09,0.011,,,0.0,0.0,0.0,0.0
Tameze,tameze,Torino,torino,C,11,,0.35,13.3,0,backup,5.9,0.023,0.009,0.188,0.001,0.0,,,0.302,0.113,2.505,0.019,0.0,,,0.0,0.0,0.0,0.0
Gineitis,gineitis,Torino,torino,C,11,,0.35,13.3,0,backup,5.95,0.107,0.036,0.179,0.0,0.0,,,1.425,0.475,2.375,0.0,0.0,,,0.0,0.0,0.0,0.0
Serdar,serdar,Verona,verona,C,12,False,0.85,32.3,0,starter,5.79,0.095,0.048,0.095,0.048,0.0,,,3.076,1.538,3.076,1.538,0.0,,,0.0,0.0,0.0,0.0
Mazzitelli,mazzitelli,Cagliari,cagliari,C,11,,0.35,13.3,0,backup,5.257,0.056,0.076,0.096,0.01,0.0,,,0.739,1.008,1.276,0.134,0.0,,,0.0,0.0,0.0,0.0
Sulemana I.,sulemana i,Atalanta,atalanta,C,10,True,0.65,20.7,1,battle,6.17,0.193,0.037,0.12,0.004,0.0,,,3.987,0.767,2.492,0.077,0.0,,,0.0,0.0,0.0,0.0
Aebischer,aebischer,Pisa,pisa,C,14,False,0.85,32.3,0,starter,5.286,0.086,0.067,0.143,0.007,0.001,,,2.787,2.171,4.609,0.217,0.027,,,0.0,0.0,0.0,0.0
Sergi Roberto,sergi roberto,Como,como,C,8,,0.35,13.3,0,backup,5.216,0.12,0.099,0.149,0.012,0.0,,,1.594,1.319,1.979,0.165,0.0,,,0.0,0.0,0.0,0.0
Grassi,grassi,Cremonese,cremonese,C,9,False,0.85,32.3,0,starter,5.286,0.086,0.067,0.143,0.007,0.001,,,2.787,2.171,4.609,0.217,0.027,,,0.0,0.0,0.0,0.0
Richardson,richardson,Fiorentina,fiorentina,C,8,,0.35,13.3,0,backup,5.78,0.04,0.04,0.2,0.0,0.0,,,0.532,0.532,2.66,0.0,0.0,,,0.0,0.0,0.0,0.0
Asllani,asllani,Inter,inter,C,9,,0.35,13.3,0,backup,6.16,0.122,0.126,0.173,0.0,0.0,,,1.62,2.798,2.301,0.0,0.0,,,0.0,0.0,1.116,0.0
Zielinski,zielinski,Inter,inter,C,12,,0.35,13.3,0,backup,5.98,0.1,0.05,0.0,0.0,0.0,,,1.815,0.665,0.0,0.0,0.0,,,0.63,0.485,0.0,0.0
Kostic,kostic,Juventus,juventus,C,7,,0.35,13.3,0,backup,0.0,0.092,0.082,0.15,0.005,0.0,,,1.221,1.092,1.992,0.064,0.0,,,0.0,0.0,0.0,0.0
Belahyane,belahyane,Lazio,lazio,C,5,,0.35,9.3,1,backup,5.77,0.0,0.077,0.154,0.077,0.0,,,0.0,0.715,1.431,0.715,0.0,,,0.0,0.0,0.0,0.0
Chukwueze,chukwueze,Milan,milan,C,11,,0.35,9.3,1,backup,6.09,0.174,0.121,0.021,0.002,0.0,,,1.62,1.129,0.199,0.017,0.0,,,0.0,0.0,0.0,0.0
Ghion,ghion,Sassuolo,sassuolo,C,11,,0.35,13.3,0,backup,5.286,0.086,0.067,0.143,0.007,0.001,,,1.148,0.894,1.898,0.09,0.011,,,0.0,0.0,0.0,0.0
Lipani,lipani,Sassuolo,sassuolo,C,7,,0.35,13.3,0,backup,5.286,0.086,0.067,0.143,0.007,0.001,,,1.148,0.894,1.898,0.09,0.011,,,0.0,0.0,0.0,0.0
Payero,payero,Udinese,udinese,C,10,,0.35,13.3,0,backup,5.9,0.04,0.04,0.2,0.0,0.0,,,0.532,0.532,2.66,0.0,0.0,,,0.0,0.0,0.0,0.0
Bernede,bernede,Verona,verona,C,10,True,0.65,24.7,0,battle,5.79,0.069,0.024,0.169,0.01,0.0,,,1.708,0.592,4.186,0.237,0.0,,,0.0,0.0,0.0,0.0
Kastanos,kastanos,Verona,verona,C,10,,0.35,13.3,0,backup,5.89,0.045,0.0,0.182,0.0,0.0,,,0.605,0.0,2.418,0.0,0.0,,,0.0,0.0,0.0,0.0
Moro N.,moro n,Bologna,bologna,C,7,,0.35,13.3,0,backup,6.0,0.034,0.064,0.073,0.002,0.0,,,0.448,0.853,0.969,0.029,0.0,,,0.0,0.0,0.0,0.0
Prati,prati,Cagliari,cagliari,C,11,False,0.85,32.3,0,starter,5.85,0.028,0.038,0.098,0.005,0.0,,,0.897,1.223,3.165,0.163,0.0,,,0.0,0.0,0.0,0.0
Castagnetti,castagnetti,Cremonese,cremonese,C,5,,0.35,13.3,0,backup,5.286,0.086,0.067,0.143,0.007,0.001,,,1.148,0.894,1.898,0.09,0.011,,,0.0,0.0,0.0,0.0
Venturino,venturino,Genoa,genoa,C,10,,0.35,13.3,0,backup,6.83,0.158,0.038,0.101,0.0,0.01,,,2.096,0.511,1.341,0.0,0.128,,,0.0,0.0,0.0,0.0
Douglas Luiz,douglas luiz,Juventus,juventus,C,6,,0.35,13.3,0,backup,5.87,0.023,0.021,0.137,0.001,0.0,,,0.305,0.273,1.828,0.016,0.0,,,0.0,0.0,0.0,0.0
Berisha M.,berisha m,Lecce,lecce,C,7,True,0.65,24.7,0,battle,6.07,0.01,0.062,0.289,0.0,0.0,,,0.249,1.52,7.137,0.0,0.0,,,0.0,0.0,0.0,0.0
Rafia,rafia,Lecce,lecce,C,7,,0.35,13.3,0,backup,5.78,0.003,0.004,0.213,0.0,0.0,,,0.045,0.051,2.833,0.0,0.0,,,0.0,0.0,0.0,0.0
Bondo,bondo,Cremonese,cremonese,C,18,True,0.65,24.7,0,battle,5.286,0.086,0.067,0.143,0.007,0.001,,,2.132,1.66,3.524,0.166,0.021,,,0.0,0.0,0.0,0.0
Zerbin,zerbin,Cremonese,cremonese,C,24,False,0.85,32.3,0,starter,5.286,0.086,0.067,0.143,0.007,0.001,,,2.787,2.171,4.609,0.217,0.027,,,0.0,0.0,0.0,0.0
Vural,vural,Pisa,pisa,C,1,,0.35,13.3,0,backup,5.286,0.086,0.067,0.143,0.007,0.001,,,1.148,0.894,1.898,0.09,0.011,,,0.0,0.0,0.0,0.0
Akinsanmiro,akinsanmiro,Pisa,pisa,C,13,,0.35,13.3,0,backup,5.286,0.086,0.067,0.143,0.007,0.001,,,1.148,0.894,1.898,0.09,0.011,,,0.0,0.0,0.0,0.0
Niasse,niasse,Verona,verona,C,12,True,0.65,20.7,1,battle,5.5,0.022,0.027,0.278,0.011,0.0,,,0.446,0.558,5.758,0.223,0.0,,,0.0,0.0,0.0,0.0
Miller L.,miller l,Udinese,udinese,C,10,True,0.65,24.7,0,battle,5.886,0.037,0.043,0.144,0.0,0.0,,,0.925,1.057,3.566,0.0,0.0,,,0.0,0.0,0.0,0.0
Engelhardt,engelhardt,Como,como,C,3,,0.35,13.3,0,backup,5.81,0.074,0.07,0.18,0.002,0.0,,,0.984,0.929,2.391,0.033,0.0,,,0.0,0.0,0.0,0.0
Pickel,pickel,Cremonese,cremonese,C,3,,0.35,9.3,1,backup,5.286,0.086,0.067,0.143,0.007,0.001,,,0.803,0.625,1.327,0.063,0.008,,,0.0,0.0,0.0,0.0
Ndour,ndour,Fiorentina,fiorentina,C,4,,0.35,13.3,0,backup,5.71,0.059,0.052,0.161,0.007,0.0,,,0.782,0.695,2.142,0.087,0.0,,,0.0,0.0,0.0,0.0
Sabiri,sabiri,Fiorentina,fiorentina,C,4,,0.35,13.3,0,backup,5.932,0.09,0.08,0.171,0.01,0.0,,,1.203,1.069,2.272,0.134,0.0,,,0.0,0.0,0.0,0.0
Estevez,estevez,Parma,parma,C,3,,0.35,13.3,0,backup,5.79,0.038,0.018,0.154,0.002,0.0,,,0.505,0.239,2.048,0.027,0.0,,,0.0,0.0,0.0,0.0
Leris,leris,Pisa,pisa,C,3,,0.35,13.3,0,backup,5.286,0.086,0.067,0.143,0.007,0.001,,,1.148,0.894,1.898,0.09,0.011,,,0.0,0.0,0.0,0.0
Zarraga,zarraga,Udinese,udinese,C,6,,0.35,13.3,0,backup,5.78,0.054,0.004,0.014,0.0,0.0,,,0.715,0.057,0.192,0.0,0.0,,,0.0,0.0,0.0,0.0
Santiago,santiago,Verona,verona,C,2,True,0.65,24.7,0,battle,4.792,0.048,0.06,0.174,0.024,0.0,,,1.183,1.479,4.289,0.592,0.0,,,0.0,0.0,0.0,0.0
Liteta,liteta,Cagliari,cagliari,C,6,,0.35,13.3,0,backup,5.257,0.056,0.076,0.096,0.01,0.0,,,0.739,1.008,1.276,0.134,0.0,,,0.0,0.0,0.0,0.0
Alli,alli,Como,como,C,1,,0.35,13.3,0,backup,4.5,0.114,0.094,0.141,0.062,0.0,,,1.622,1.253,1.88,0.822,0.0,,,0.14,0.108,0.0,0.0
Bianco,bianco,Fiorentina,fiorentina,C,2,,0.35,13.3,0,backup,5.932,0.09,0.08,0.171,0.01,0.0,,,1.203,1.069,2.272,0.134,0.0,,,0.0,0.0,0.0,0.0
Basic,basic,Lazio,lazio,C,1,,0.35,13.3,0,backup,0.0,0.081,0.092,0.238,0.016,0.0,,,1.078,1.222,3.163,0.216,0.0,,,0.0,0.0,0.0,0.0
Kaba,kaba,Lecce,lecce,C,2,,0.35,13.3,0,backup,5.88,0.013,0.015,0.102,0.0,0.0,,,0.179,0.205,1.356,0.0,0.0,,,0.0,0.0,0.0,0.0
Marchwinski,marchwinski,Lecce,lecce,C,2,,0.35,13.3,0,backup,0.0,0.034,0.038,0.13,0.0,0.0,,,0.448,0.512,1.726,0.0,0.0,,,0.0,0.0,0.0,0.0
Hojholt,hojholt,Pisa,pisa,C,2,,0.35,13.3,0,backup,5.286,0.086,0.067,0.143,0.007,0.001,,,1.148,0.894,1.898,0.09,0.011,,,0.0,0.0,0.0,0.0
Arena,arena,Pisa,pisa,C,1,,0.35,13.3,0,backup,5.286,0.086,0.067,0.143,0.007,0.001,,,1.148,0.894,1.898,0.09,0.011,,,0.0,0.0,0.0,0.0
Iannoni,iannoni,Sassuolo,sassuolo,C,7,,0.35,13.3,0,backup,5.286,0.086,0.067,0.143,0.007,0.001,,,1.148,0.894,1.898,0.09,0.011,,,0.0,0.0,0.0,0.0
Pafundi,pafundi,Udinese,udinese,C,6,,0.35,13.3,0,backup,5.67,0.032,0.036,0.123,0.0,0.0,,,0.423,0.484,1.632,0.0,0.0,,,0.0,0.0,0.0,0.0
Rog,rog,Cagliari,cagliari,C,1,,0.35,13.3,0,backup,5.257,0.056,0.076,0.096,0.01,0.0,,,0.739,1.008,1.276,0.134,0.0,,,0.0,0.0,0.0,0.0
Adzic,adzic,Juventus,juventus,C,1,,0.35,13.3,0,backup,6.0,0.087,0.078,0.142,0.005,0.0,,,1.16,1.038,1.892,0.061,0.0,,,0.0,0.0,0.0,0.0
Ilkhan,ilkhan,Torino,torino,C,1,True,0.65,24.7,0,battle,5.981,0.091,0.034,0.153,0.006,0.0,,,2.245,0.842,3.789,0.14,0.0,,,0.0,0.0,0.0,0.0
Martinez L.,martinez l,Inter,inter,A,380,,0.35,13.3,0,backup,6.19,0.387,0.097,0.032,0.0,0.0,,,5.148,2.404,0.429,0.0,0.0,,,0.0,0.0,1.116,0.0
Kean,kean,Fiorentina,fiorentina,A,375,False,0.85,32.3,0,starter,6.42,0.594,0.062,0.188,0.0,0.0,,,22.84,2.019,6.056,0.0,0.0,,,4.76,3.662,0.0,0.0
Lukaku,lukaku,Napoli,napoli,A,200,True,0.65,24.7,0,battle,6.29,0.389,0.25,0.111,0.0,0.0,,,11.356,6.175,2.744,0.0,0.0,,,2.275,1.75,0.0,0.0
Lookman,lookman,Atalanta,atalanta,A,100,,0.35,9.3,1,backup,6.42,0.484,0.129,0.129,0.0,0.0,,,4.5,1.2,1.2,0.0,0.0,,,0.0,0.0,0.0,0.0
Thuram,thuram,Inter,inter,A,310,False,0.85,32.3,0,starter,6.33,0.438,0.125,0.031,0.0,0.0,,,14.131,4.037,1.009,0.0,0.0,,,0.0,0.0,0.0,0.0
David,david,Juventus,juventus,A,278,False,0.85,32.3,0,starter,4.424,0.274,0.115,0.08,0.009,0.0,,,11.607,3.716,2.573,0.286,0.0,,,3.57,2.746,0.0,0.0
Dybala,dybala,Roma,roma,A,244,True,0.65,24.7,0,battle,6.48,0.3,0.15,0.1,0.0,0.0,,,8.21,3.705,2.47,0.0,0.0,,,1.04,0.8,0.0,0.0
Gimenez,gimenez,Milan,milan,A,216,,0.35,13.3,0,backup,5.88,0.336,0.095,0.212,0.053,0.0,,,4.472,1.261,2.821,0.711,0.0,,,0.0,0.0,0.0,0.0
Yildiz,yildiz,Juventus,juventus,A,237,False,0.85,32.3,0,starter,6.34,0.206,0.118,0.059,0.029,0.0,,,6.65,3.8,1.9,0.95,0.0,,,0.0,0.0,0.0,0.0
Vlahovic,vlahovic,Juventus,juventus,A,99,,0.35,13.3,0,backup,6.12,0.4,0.12,0.12,0.0,0.0,,,5.643,1.596,1.596,0.0,0.0,,,0.42,0.323,0.0,0.0
Leao,leao,Milan,milan,A,242,False,0.85,32.3,0,starter,6.19,0.235,0.235,0.147,0.0,0.0,,,7.6,7.6,4.75,0.0,0.0,,,0.0,0.0,0.0,0.0
De Ketelaere,de ketelaere,Atalanta,atalanta,A,166,False,0.85,32.3,0,starter,6.19,0.206,0.147,0.029,0.0,0.0,,,6.65,4.75,0.95,0.0,0.0,,,0.0,0.0,0.0,0.0
Castellanos,castellanos,Lazio,lazio,A,161,True,0.65,24.7,0,battle,6.29,0.345,0.103,0.241,0.034,0.0,,,9.217,7.06,5.962,0.852,0.0,,,0.91,0.7,4.504,0.0
Dovbyk,dovbyk,Roma,roma,A,152,True,0.65,24.7,0,battle,6.0,0.375,0.062,0.0,0.0,0.0,,,9.262,1.544,0.0,0.0,0.0,,,0.0,0.0,0.0,0.0
Berardi,berardi,Sassuolo,sassuolo,A,144,False,0.85,32.3,0,starter,5.068,0.214,0.078,0.102,0.004,0.0,,,6.917,2.532,3.309,0.134,0.013,,,0.0,0.0,0.0,0.0
Dia,dia,Lazio,lazio,A,112,True,0.65,20.7,1,battle,6.01,0.257,0.114,0.057,0.0,0.0,,,5.616,2.366,1.183,0.0,0.0,,,0.381,0.293,0.0,0.0
Krstovic,krstovic,Atalanta,atalanta,A,148,True,0.65,24.7,0,battle,4.185,0.456,0.155,0.068,0.0,0.0,,,11.971,3.837,1.679,0.0,0.0,,,0.91,0.7,0.0,0.0
Soulè,soule,Roma,roma,A,126,False,0.85,32.3,0,starter,6.24,0.217,0.217,0.13,0.0,0.0,,,7.022,7.022,4.213,0.0,0.0,,,0.0,0.0,0.0,0.0
Zapata D.,zapata d,Torino,torino,A,91,True,0.65,24.7,0,battle,6.57,0.247,0.041,0.112,0.0,0.0,,,6.096,1.025,2.772,0.0,0.0,,,0.0,0.0,0.0,0.0
Scamacca,scamacca,Atalanta,atalanta,A,106,,0.35,13.3,0,backup,0.0,0.456,0.155,0.068,0.0,0.0,,,6.257,2.066,0.904,0.0,0.0,,,0.245,0.188,0.0,0.0
Castro S.,castro s,Bologna,bologna,A,122,True,0.65,24.7,0,battle,6.17,0.242,0.121,0.242,0.0,0.03,,,5.988,2.994,5.988,0.0,0.748,,,0.0,0.0,0.0,0.0
Immobile,immobile,Bologna,bologna,A,140,True,0.65,24.7,0,battle,5.117,0.174,0.107,0.083,0.0,0.008,,,6.737,2.654,2.041,0.0,0.204,,,3.185,2.45,0.0,0.0
Lang,lang,Napoli,napoli,A,82,True,0.65,24.7,0,battle,4.53,0.25,0.13,0.083,0.0,0.0,,,6.175,3.202,2.058,0.0,0.0,,,0.0,0.0,0.0,0.0
Ferguson E.,ferguson e,Roma,roma,A,124,True,0.65,24.7,0,battle,4.964,0.284,0.126,0.063,0.0,0.0,,,9.82,6.659,1.56,0.0,0.0,,,3.64,2.8,3.539,0.0
Morata,morata,Como,como,A,84,,0.35,13.3,0,backup,3.732,0.188,0.094,0.062,0.0,0.0,,,2.871,1.247,0.831,0.0,0.0,,,0.49,0.377,0.0,0.0
Piccoli,piccoli,Cagliari,cagliari,A,86,,0.35,13.3,0,backup,6.0,0.27,0.027,0.162,0.0,0.0,,,4.16,0.359,2.157,0.0,0.0,,,0.735,0.565,0.0,0.0
Diao,diao,Como,como,A,95,False,0.85,28.3,1,starter,3.732,0.188,0.094,0.062,0.0,0.0,,,5.306,2.653,1.769,0.0,0.0,,,0.0,0.0,0.0,0.0
Pinamonti,pinamonti,Sassuolo,sassuolo,A,73,False,0.85,32.3,0,starter,5.068,0.214,0.078,0.102,0.004,0.0,,,6.917,2.532,3.309,0.134,0.013,,,0.0,0.0,0.0,0.0
Dzeko,dzeko,Fiorentina,fiorentina,A,63,False,0.85,32.3,0,starter,4.63,0.361,0.084,0.169,0.0,0.0,,,11.675,2.724,5.448,0.0,0.0,,,0.0,0.0,0.0,0.0
Lucca,lucca,Napoli,napoli,A,126,True,0.65,24.7,0,battle,4.53,0.25,0.13,0.083,0.0,0.0,,,6.425,3.202,2.058,0.0,0.0,,,0.325,0.25,0.0,0.0
Laurientè,lauriente,Sassuolo,sassuolo,A,50,False,0.85,32.3,0,starter,5.068,0.214,0.078,0.102,0.004,0.0,,,6.917,2.532,3.309,0.134,0.013,,,0.0,0.0,0.0,0.0
Kuhn,kuhn,Como,como,A,39,True,0.65,24.7,0,battle,3.732,0.188,0.094,0.062,0.0,0.0,,,4.631,2.316,1.544,0.0,0.0,,,0.0,0.0,0.0,0.0
Adams C.,adams c,Torino,torino,A,68,True,0.65,24.7,0,battle,6.0,0.257,0.114,0.086,0.0,0.0,,,6.351,7.327,2.117,0.0,0.0,,,0.0,0.0,4.504,0.0
Pedro,pedro,Lazio,lazio,A,45,True,0.65,24.7,0,battle,6.21,0.357,0.036,0.107,0.0,0.0,,,8.821,0.882,2.646,0.0,0.0,,,0.0,0.0,0.0,0.0
Pellegrino M.,pellegrino m,Parma,parma,A,72,False,0.85,32.3,0,starter,6.14,0.204,0.029,0.159,0.003,0.0,,,6.575,0.952,5.133,0.087,0.0,,,0.0,0.0,0.0,0.0
Luvumbo,luvumbo,Cagliari,cagliari,A,20,False,0.85,28.3,1,starter,5.98,0.077,0.077,0.077,0.0,0.0,,,2.177,2.177,2.177,0.0,0.0,,,0.0,0.0,0.0,0.0
Colombo,colombo,Genoa,genoa,A,43,True,0.65,24.7,0,battle,5.953,0.147,0.084,0.105,0.0,0.0,,,3.84,2.08,2.6,0.0,0.0,,,0.26,0.2,0.0,0.0
Vitinha O.,vitinha o,Genoa,genoa,A,31,True,0.65,24.7,0,battle,5.89,0.091,0.136,0.091,0.0,0.0,,,2.245,3.368,2.245,0.0,0.0,,,0.0,0.0,0.0,0.0
Gonzalez N.,gonzalez n,Juventus,juventus,A,28,,0.35,13.3,0,backup,5.96,0.13,0.087,0.13,0.0,0.0,,,1.735,1.157,1.735,0.0,0.0,,,0.0,0.0,0.0,0.0
Camarda,camarda,Lecce,lecce,A,30,False,0.85,32.3,0,starter,4.983,0.144,0.063,0.126,0.018,0.0,,,6.487,2.037,4.074,0.582,0.0,,,2.38,1.831,0.0,0.0
Davis K.,davis k,Udinese,udinese,A,40,False,0.85,32.3,0,starter,6.0,0.148,0.062,0.129,0.0,0.0,,,4.783,1.988,4.162,0.0,0.0,,,0.0,0.0,0.0,0.0
Nzola,nzola,Pisa,pisa,A,28,,0.35,9.3,1,backup,5.068,0.214,0.078,0.102,0.004,0.0,,,1.991,0.729,0.953,0.038,0.004,,,0.0,0.0,0.0,0.0
Cambiaghi,cambiaghi,Bologna,bologna,A,26,True,0.65,24.7,0,battle,6.15,0.076,0.166,0.012,0.0,0.001,,,1.878,4.103,0.306,0.0,0.031,,,0.0,0.0,0.0,0.0
Dallinga,dallinga,Bologna,bologna,A,13,,0.35,13.3,0,backup,5.96,0.13,0.087,0.043,0.0,0.0,,,1.735,1.157,0.578,0.0,0.0,,,0.0,0.0,0.0,0.0
Cutrone,cutrone,Como,como,A,13,,0.35,13.3,0,backup,6.02,0.212,0.121,0.03,0.0,0.0,,,2.821,1.612,0.403,0.0,0.0,,,0.0,0.0,0.0,0.0
Sulemana K.,sulemana k,Atalanta,atalanta,A,21,,0.35,13.3,0,backup,4.185,0.456,0.155,0.068,0.0,0.0,,,6.069,2.066,0.904,0.0,0.0,,,0.0,0.0,0.0,0.0
Dominguez B.,dominguez b,Bologna,bologna,A,24,True,0.65,24.7,0,battle,6.28,0.15,0.1,0.0,0.0,0.0,,,3.705,2.47,0.0,0.0,0.0,,,0.0,0.0,0.0,0.0
Djuric,djuric,Parma,parma,A,18,,0.35,13.3,0,backup,6.0,0.217,0.043,0.174,0.0,0.0,,,2.891,0.578,2.313,0.0,0.0,,,0.0,0.0,0.0,0.0
Ngonge,ngonge,Torino,torino,A,20,True,0.65,24.7,0,battle,5.028,0.149,0.064,0.096,0.0,0.0,,,3.879,1.577,2.365,0.0,0.0,,,0.26,0.2,0.0,0.0
Aboukhlal,aboukhlal,Torino,torino,A,15,,0.35,9.3,1,backup,5.028,0.149,0.064,0.096,0.0,0.0,,,1.385,0.594,0.89,0.0,0.0,,,0.0,0.0,0.0,0.0
Douvikas,douvikas,Como,como,A,20,,0.35,13.3,0,backup,6.21,0.175,0.088,0.075,0.0,0.0,,,2.381,1.164,0.997,0.0,0.0,,,0.07,0.054,0.0,0.0
De Luca,de luca,Cremonese,cremonese,A,22,True,0.65,24.7,0,battle,5.068,0.214,0.078,0.102,0.004,0.0,,,5.289,1.936,2.53,0.102,0.01,,,0.0,0.0,0.0,0.0
Simeone,simeone,Torino,torino,A,29,False,0.85,32.3,0,starter,5.028,0.149,0.064,0.096,0.0,0.0,,,4.811,2.062,3.093,0.0,0.0,,,0.0,0.0,0.0,0.0
Sarr A.,sarr a,Verona,verona,A,24,False,0.85,28.3,1,starter,5.86,0.138,0.0,0.034,0.0,0.0,,,4.018,0.0,0.976,0.0,0.0,,,0.149,0.115,0.0,0.0
Tourè E.,toure e,Atalanta,atalanta,A,9,,0.35,9.3,1,backup,0.0,0.456,0.155,0.068,0.0,0.0,,,5.166,1.445,0.632,0.0,0.0,,,1.199,0.922,0.0,0.0
Addai,addai,Como,como,A,18,True,0.65,24.7,0,battle,3.732,0.188,0.094,0.062,0.0,0.0,,,4.631,2.316,1.544,0.0,0.0,,,0.0,0.0,0.0,0.0
Johnsen,johnsen,Cremonese,cremonese,A,12,,0.35,13.3,0,backup,5.068,0.214,0.078,0.102,0.004,0.0,,,2.848,1.043,1.363,0.055,0.005,,,0.0,0.0,0.0,0.0
Beltran L.,beltran l,Fiorentina,fiorentina,A,10,,0.35,13.3,0,backup,5.98,0.167,0.133,0.2,0.0,0.0,,,2.217,1.773,2.66,0.0,0.0,,,0.0,0.0,0.0,0.0
Esposito Se.,esposito se,Cagliari,cagliari,A,70,False,0.85,32.3,0,starter,5.94,0.153,0.031,0.163,0.0,0.0,,,5.14,0.989,5.273,0.0,0.0,,,0.255,0.196,0.0,0.0
Esposito F.P.,esposito f p,Inter,inter,A,18,,0.35,13.3,0,backup,6.152,0.3,0.118,0.073,0.0,0.0,,,3.99,2.688,0.967,0.0,0.0,,,0.0,0.0,1.116,0.0
Noslin,noslin,Lazio,lazio,A,9,,0.35,13.3,0,backup,6.0,0.112,0.104,0.106,0.0,0.0,,,1.487,1.379,1.415,0.004,0.0,,,0.0,0.0,0.0,0.0
Sanabria,sanabria,Cremonese,cremonese,A,33,False,0.85,32.3,0,starter,5.068,0.214,0.078,0.102,0.004,0.0,,,6.917,2.532,3.309,0.134,0.013,,,0.0,0.0,0.0,0.0
Sanchez,sanchez,Udinese,udinese,A,10,,0.35,13.3,0,backup,5.83,0.132,0.032,0.079,0.0,0.0,,,1.758,0.422,1.055,0.0,0.0,,,0.0,0.0,0.0,0.0
Frigan,frigan,Parma,parma,A,9,,0.35,13.3,0,backup,4.841,0.119,0.065,0.131,0.006,0.0,,,1.583,0.871,1.742,0.079,0.0,,,0.0,0.0,0.0,0.0
Bravo,bravo,Udinese,udinese,A,22,True,0.65,24.7,0,battle,6.0,0.148,0.012,0.179,0.0,0.0,,,3.858,0.285,4.417,0.0,0.0,,,0.26,0.2,0.0,0.0
Mosquera,mosquera,Verona,verona,A,14,True,0.65,24.7,0,battle,5.88,0.152,0.03,0.121,0.0,0.0,,,3.742,0.748,2.994,0.0,0.0,,,0.0,0.0,0.0,0.0
Kilicsoy,kilicsoy,Cagliari,cagliari,A,17,True,0.65,24.7,0,battle,5.94,0.153,0.031,0.163,0.0,0.0,,,3.781,0.756,4.033,0.0,0.0,,,0.0,0.0,0.0,0.0
Borrelli,borrelli,Cagliari,cagliari,A,10,,0.35,13.3,0,backup,5.94,0.153,0.031,0.163,0.0,0.0,,,2.036,0.407,2.171,0.0,0.0,,,0.0,0.0,0.0,0.0
Rodriguez Je.,rodriguez je,Como,como,A,16,,0.35,13.3,0,backup,3.732,0.188,0.094,0.062,0.0,0.0,,,2.494,1.247,0.831,0.0,0.0,,,0.0,0.0,0.0,0.0
Okereke,okereke,Cremonese,cremonese,A,7,,0.35,13.3,0,backup,5.068,0.214,0.078,0.102,0.004,0.0,,,2.848,1.043,1.363,0.055,0.005,,,0.0,0.0,0.0,0.0
Bonny,bonny,Inter,inter,A,27,,0.35,13.3,0,backup,6.152,0.3,0.118,0.073,0.0,0.0,,,4.232,1.572,0.967,0.0,0.0,,,0.315,0.242,0.0,0.0
Banda,banda,Lecce,lecce,A,12,True,0.65,20.7,1,battle,5.77,0.05,0.072,0.094,0.006,0.0,,,1.044,1.492,1.949,0.131,0.0,,,0.0,0.0,0.0,0.0
N'Dri,n dri,Lecce,lecce,A,8,,0.35,13.3,0,backup,5.86,0.094,0.041,0.082,0.012,0.0,,,1.246,0.545,1.09,0.156,0.0,,,0.0,0.0,0.0,0.0
Moreo,moreo,Pisa,pisa,A,16,,0.35,13.3,0,backup,5.068,0.214,0.078,0.102,0.004,0.0,,,2.848,1.043,1.363,0.055,0.005,,,0.0,0.0,0.0,0.0
Pierini,pierini,Sassuolo,sassuolo,A,9,,0.35,13.3,0,backup,5.068,0.214,0.078,0.102,0.004,0.0,,,2.848,1.043,1.363,0.055,0.005,,,0.0,0.0,0.0,0.0
Mulattieri,mulattieri,Sassuolo,sassuolo,A,10,,0.35,13.3,0,backup,5.068,0.214,0.078,0.102,0.004,0.0,,,2.848,1.043,1.363,0.055,0.005,,,0.0,0.0,0.0,0.0
Taremi,taremi,Inter,inter,A,5,,0.35,13.3,0,backup,5.97,0.08,0.112,0.057,0.0,0.0,,,1.064,1.487,0.762,0.0,0.0,,,0.0,0.0,0.0,0.0
Okafor,okafor,Milan,milan,A,5,,0.35,13.3,0,backup,5.991,0.216,0.112,0.155,0.009,0.0,,,2.866,1.491,2.064,0.115,0.0,,,0.0,0.0,0.0,0.0
Almqvist,almqvist,Parma,parma,A,14,True,0.65,24.7,0,battle,5.79,0.038,0.038,0.192,0.0,0.0,,,0.95,0.95,4.75,0.0,0.0,,,0.0,0.0,0.0,0.0
Lind,lind,Pisa,pisa,A,8,,0.35,13.3,0,backup,5.068,0.214,0.078,0.102,0.004,0.0,,,2.848,1.043,1.363,0.055,0.005,,,0.0,0.0,0.0,0.0
Bayo V.,bayo v,Udinese,udinese,A,12,,0.35,13.3,0,backup,4.521,0.24,0.058,0.144,0.0,0.0,,,3.197,0.767,1.918,0.0,0.0,,,0.0,0.0,0.0,0.0
Karlsson,karlsson,Bologna,bologna,A,7,,0.35,13.3,0,backup,5.117,0.174,0.107,0.083,0.0,0.008,,,2.308,1.429,1.099,0.0,0.11,,,0.0,0.0,0.0,0.0
Cancellieri,cancellieri,Lazio,lazio,A,9,True,0.65,24.7,0,battle,6.112,0.236,0.074,0.128,0.007,0.0,,,5.841,1.836,3.171,0.167,0.0,,,0.0,0.0,0.0,0.0
Brenner,brenner,Udinese,udinese,A,10,,0.35,13.3,0,backup,5.92,0.218,0.14,0.101,0.0,0.0,,,2.903,1.867,1.343,0.0,0.0,,,0.0,0.0,0.0,0.0
Rocha Livramento,rocha livramento,Verona,verona,A,8,,0.35,13.3,0,backup,5.8,0.045,0.045,0.091,0.045,0.0,,,0.605,0.605,1.209,0.605,0.0,,,0.0,0.0,0.0,0.0
Ekuban,ekuban,Genoa,genoa,A,5,,0.35,9.3,1,backup,6.0,0.065,0.158,0.061,0.0,0.0,,,0.602,1.473,0.563,0.0,0.0,,,0.0,0.0,0.0,0.0
Meister,meister,Pisa,pisa,A,13,,0.35,13.3,0,backup,5.068,0.214,0.078,0.102,0.004,0.0,,,2.848,1.043,1.363,0.055,0.005,,,0.0,0.0,0.0,0.0
Alvarez A.,alvarez a,Sassuolo,sassuolo,A,4,,0.35,13.3,0,backup,5.068,0.214,0.078,0.102,0.004,0.0,,,2.848,1.043,1.363,0.055,0.005,,,0.0,0.0,0.0,0.0
Pavoletti,pavoletti,Cagliari,cagliari,A,3,,0.35,13.3,0,backup,5.95,0.169,0.014,0.323,0.0,0.0,,,2.246,0.183,4.302,0.0,0.0,,,0.0,0.0,0.0,0.0
Azon,azon,Como,como,A,5,,0.35,13.3,0,backup,0.0,0.188,0.094,0.062,0.0,0.0,,,2.494,1.247,0.831,0.0,0.0,,,0.0,0.0,0.0,0.0
Gabrielloni,gabrielloni,Como,como,A,1,,0.35,13.3,0,backup,6.5,0.2,0.125,0.1,0.0,0.0,,,2.66,1.662,1.33,0.0,0.0,,,0.0,0.0,0.0,0.0
Bonazzoli,bonazzoli,Cremonese,cremonese,A,1,,0.35,13.3,0,backup,5.068,0.214,0.078,0.102,0.004,0.0,,,2.848,1.043,1.363,0.055,0.005,,,0.0,0.0,0.0,0.0
Ekhator,ekhator,Genoa,genoa,A,3,,0.35,13.3,0,backup,5.87,0.087,0.071,0.076,0.0,0.0,,,1.155,0.945,1.015,0.0,0.0,,,0.0,0.0,0.0,0.0
Milik,milik,Juventus,juventus,A,5,,0.35,13.3,0,backup,0.0,0.274,0.115,0.08,0.009,0.0,,,3.649,1.53,1.059,0.118,0.0,,,0.0,0.0,0.0,0.0
Benedyczak,benedyczak,Parma,parma,A,13,True,0.65,24.7,0,battle,5.67,0.083,0.046,0.092,0.004,0.0,,,2.058,1.132,2.264,0.103,0.0,,,0.0,0.0,0.0,0.0
Buffon L.,buffon l,Pisa,pisa,A,1,,0.35,13.3,0,backup,5.068,0.214,0.078,0.102,0.004,0.0,,,2.848,1.043,1.363,0.055,0.005,,,0.0,0.0,0.0,0.0
Bonfanti N.,bonfanti n,Pisa,pisa,A,2,,0.35,13.3,0,backup,5.068,0.214,0.078,0.102,0.004,0.0,,,2.848,1.043,1.363,0.055,0.005,,,0.0,0.0,0.0,0.0
Moro L.,moro l,Sassuolo,sassuolo,A,1,,0.35,13.3,0,backup,5.068,0.214,0.078,0.102,0.004,0.0,,,2.848,1.043,1.363,0.055,0.005,,,0.0,0.0,0.0,0.0
Skjellerup,skjellerup,Sassuolo,sassuolo,A,1,,0.35,13.3,0,backup,5.068,0.214,0.078,0.102,0.004,0.0,,,2.848,1.043,1.363,0.055,0.005,,,0.0,0.0,0.0,0.0
Njie,njie,Torino,torino,A,1,,0.35,13.3,0,backup,6.0,0.082,0.035,0.103,0.0,0.0,,,1.089,0.467,1.365,0.0,0.0,,,0.0,0.0,0.0,0.0
Pizarro,pizarro,Udinese,udinese,A,3,,0.35,13.3,0,backup,0.0,0.24,0.058,0.144,0.0,0.0,,,3.197,0.767,1.918,0.0,0.0,,,0.0,0.0,0.0,0.0
Giovane,giovane,Verona,verona,A,12,True,0.65,24.7,0,battle,4.231,0.155,0.027,0.091,0.009,0.0,,,3.817,0.674,2.245,0.225,0.0,,,0.0,0.0,0.0,0.0
