player,team,role,Pts_hat,VORP,Price_final,FVM,Pv_hat,Mv_hat,G_hat,A_hat,YC_hat,RC_hat,OG_hat,AFCON_RISK,START_TIER,Mod_share_hat
Thuram,Inter,A,250.386,72.854,285.682,310,32.3,6.33,14.131,4.037,1.009,0.0,0.0,0,starter,0.0
Kean,Fiorentina,A,274.876,97.344,283.577,375,32.3,6.42,22.84,2.019,6.056,0.0,0.0,0,starter,0.0
Martinez L.,Inter,A,99.961,0.0,211.376,380,13.3,6.19,5.148,2.404,0.429,0.0,0.0,0,backup,0.0
Leao,Milan,A,227.962,50.431,178.597,242,32.3,6.19,7.6,7.6,4.75,0.0,0.0,0,starter,0.0
Lookman,Atalanta,A,73.806,0.0,173.082,100,9.3,6.42,4.5,1.2,1.2,0.0,0.0,1,backup,0.0
De Ketelaere,Atalanta,A,224.162,46.631,168.887,166,32.3,6.19,6.65,4.75,0.95,0.0,0.0,0,starter,0.0
David,Juventus,A,179.584,2.053,138.231,278,32.3,4.424,11.607,3.716,2.573,0.286,0.0,0,starter,0.0
Yildiz,Juventus,A,225.682,48.151,135.46,237,32.3,6.34,6.65,3.8,1.9,0.95,0.0,0,starter,0.0
Dybala,Roma,A,187.156,9.625,135.351,244,24.7,6.48,8.21,3.705,2.47,0.0,0.0,0,battle,0.0
Soulè,Roma,A,227.532,50.001,134.086,126,32.3,6.24,7.022,7.022,4.213,0.0,0.0,0,starter,0.0
Vlahovic,Juventus,A,99.123,0.0,133.453,99,13.3,6.12,5.643,1.596,1.596,0.0,0.0,0,backup,0.0
Gimenez,Milan,A,90.048,0.0,130.559,216,13.3,5.88,4.472,1.261,2.821,0.711,0.0,0,backup,0.0
Castellanos,Lazio,A,185.39,7.859,95.469,161,24.7,6.29,9.217,7.06,5.962,0.852,0.0,0,battle,0.0
Lukaku,Napoli,A,194.232,16.701,81.217,200,24.7,6.29,11.356,6.175,2.744,0.0,0.0,0,battle,0.0
Dia,Lazio,A,143.03,0.0,79.634,112,20.7,6.01,5.616,2.366,1.183,0.0,0.0,1,battle,0.0
Dzeko,Fiorentina,A,184.573,7.042,79.306,63,32.3,4.63,11.675,2.724,5.448,0.0,0.0,0,starter,0.0
Dovbyk,Roma,A,177.531,0.0,77.375,152,24.7,6.0,9.262,1.544,0.0,0.0,0.0,0,battle,0.0
Castro S.,Bologna,A,168.866,0.0,75.12,122,24.7,6.17,5.988,2.994,5.988,0.0,0.748,0,battle,0.0
Pellegrino M.,Parma,A,216.26,38.729,73.884,72,32.3,6.14,6.575,0.952,5.133,0.087,0.0,0,starter,0.0
Berardi,Sassuolo,A,185.024,7.493,72.189,144,32.3,5.068,6.917,2.532,3.309,0.134,0.013,0,starter,0.0
Krstovic,Atalanta,A,142.28,0.0,67.253,148,24.7,4.185,11.971,3.837,1.679,0.0,0.0,0,battle,0.0
Lang,Napoli,A,132.589,0.0,66.133,82,24.7,4.53,6.175,3.202,2.058,0.0,0.0,0,battle,0.0
Scamacca,Atalanta,A,20.386,0.0,65.013,106,13.3,0.0,6.257,2.066,0.904,0.0,0.0,0,backup,0.0
Davis K.,Udinese,A,208.055,30.524,64.369,40,32.3,6.0,4.783,1.988,4.162,0.0,0.0,0,starter,0.0
Zapata D.,Torino,A,180.206,2.675,60.62,91,24.7,6.57,6.096,1.025,2.772,0.0,0.0,0,battle,0.0
Esposito Se.,Cagliari,A,205.634,28.103,54.693,70,32.3,5.94,5.14,0.989,5.273,0.0,0.0,0,starter,0.0
Piccoli,Cagliari,A,91.561,0.0,49.996,86,13.3,6.0,4.16,0.359,2.157,0.0,0.0,0,backup,0.0
Morata,Como,A,59.086,0.0,45.035,84,13.3,3.732,2.871,1.247,0.831,0.0,0.0,0,backup,0.0
Pinamonti,Sassuolo,A,185.024,7.493,44.92,73,32.3,5.068,6.917,2.532,3.309,0.134,0.013,0,starter,0.0
Ferguson E.,Roma,A,157.95,0.0,43.936,124,24.7,4.964,9.82,6.659,1.56,0.0,0.0,0,battle,0.0
Immobile,Bologna,A,147.817,0.0,42.838,140,24.7,5.117,6.737,2.654,2.041,0.0,0.204,0,battle,0.0
Pedro,Lazio,A,179.41,1.879,40.491,45,24.7,6.21,8.821,0.882,2.646,0.0,0.0,0,battle,0.0
Diao,Como,A,123.317,0.0,37.915,95,28.3,3.732,5.306,2.653,1.769,0.0,0.0,1,starter,0.0
Beltran L.,Fiorentina,A,86.627,0.0,36.281,10,13.3,5.98,2.217,1.773,2.66,0.0,0.0,0,backup,0.0
Kuhn,Como,A,107.63,0.0,35.193,39,24.7,3.732,4.631,2.316,1.544,0.0,0.0,0,battle,0.0
Laurientè,Sassuolo,A,185.024,7.493,31.828,50,32.3,5.068,6.917,2.532,3.309,0.134,0.013,0,starter,0.0
Lucca,Napoli,A,133.339,0.0,25.482,126,24.7,4.53,6.425,3.202,2.058,0.0,0.0,0,battle,0.0
Camarda,Lecce,A,179.242,1.711,22.922,30,32.3,4.983,6.487,2.037,4.074,0.582,0.0,0,starter,0.0
Adams C.,Torino,A,173.523,0.0,22.814,68,24.7,6.0,6.351,7.327,2.117,0.0,0.0,0,battle,0.0
Luvumbo,Cagliari,A,176.853,0.0,21.75,20,28.3,5.98,2.177,2.177,2.177,0.0,0.0,1,starter,0.0
Noslin,Lazio,A,84.925,0.0,16.473,9,13.3,6.0,1.487,1.379,1.415,0.004,0.0,0,backup,0.0
Sanabria,Cremonese,A,185.024,7.493,16.364,33,32.3,5.068,6.917,2.532,3.309,0.134,0.013,0,starter,0.0
Colombo,Genoa,A,159.347,0.0,15.426,43,24.7,5.953,3.84,2.08,2.6,0.0,0.0,0,battle,0.0
Gonzalez N.,Juventus,A,84.761,0.0,14.904,28,13.3,5.96,1.735,1.157,1.735,0.0,0.0,0,backup,0.0
De Luca,Cremonese,A,141.489,0.0,14.383,22,24.7,5.068,5.289,1.936,2.53,0.102,0.01,0,battle,0.0
Vitinha O.,Genoa,A,154.465,0.0,13.862,31,24.7,5.89,2.245,3.368,2.245,0.0,0.0,0,battle,0.0
Okereke,Cremonese,A,76.187,0.0,13.343,7,13.3,5.068,2.848,1.043,1.363,0.055,0.005,0,backup,0.0
Nzola,Pisa,A,53.273,0.0,12.825,28,9.3,5.068,1.991,0.729,0.953,0.038,0.004,1,backup,0.0
Sulemana K.,Atalanta,A,75.481,0.0,11.791,21,13.3,4.185,6.069,2.066,0.904,0.0,0.0,0,backup,0.0
Simeone,Torino,A,177.363,0.0,11.791,29,32.3,5.028,4.811,2.062,3.093,0.0,0.0,0,starter,0.0
Douvikas,Como,A,90.402,0.0,10.761,20,13.3,6.21,2.381,1.164,0.997,0.0,0.0,0,backup,0.0
Frigan,Parma,A,68.976,0.0,10.761,9,13.3,4.841,1.583,0.871,1.742,0.079,0.0,0,backup,0.0
Cutrone,Como,A,89.94,0.0,10.248,13,13.3,6.02,2.821,1.612,0.403,0.0,0.0,0,backup,0.0
Djuric,Parma,A,87.896,0.0,9.737,18,13.3,6.0,2.891,0.578,2.313,0.0,0.0,0,backup,0.0
Aboukhlal,Torino,A,51.067,0.0,9.737,15,9.3,5.028,1.385,0.594,0.89,0.0,0.0,1,backup,0.0
Dominguez B.,Bologna,A,168.701,0.0,8.717,24,24.7,6.28,3.705,2.47,0.0,0.0,0.0,0,battle,0.0
Tourè E.,Atalanta,A,16.627,0.0,8.717,9,9.3,0.0,5.166,1.445,0.632,0.0,0.0,1,backup,0.0
Mosquera,Verona,A,155.715,0.0,8.209,14,24.7,5.88,3.742,0.748,2.994,0.0,0.0,0,battle,0.0
Borrelli,Cagliari,A,84.431,0.0,7.703,10,13.3,5.94,2.036,0.407,2.171,0.0,0.0,0,backup,0.0
N'Dri,Lecce,A,81.365,0.0,7.703,8,13.3,5.86,1.246,0.545,1.09,0.156,0.0,0,backup,0.0
Ngonge,Torino,A,136.23,0.0,7.198,20,24.7,5.028,3.879,1.577,2.365,0.0,0.0,0,battle,0.0
Bravo,Udinese,A,157.849,0.0,6.695,22,24.7,6.0,3.858,0.285,4.417,0.0,0.0,0,battle,0.0
Okafor,Milan,A,88.514,0.0,6.695,5,13.3,5.991,2.866,1.491,2.064,0.115,0.0,0,backup,0.0
Cambiaghi,Bologna,A,161.428,0.0,6.194,26,24.7,6.15,1.878,4.103,0.306,0.0,0.031,0,battle,0.0
Dallinga,Bologna,A,85.34,0.0,6.194,13,13.3,5.96,1.735,1.157,0.578,0.0,0.0,0,backup,0.0
Ekuban,Genoa,A,58.798,0.0,6.194,5,9.3,6.0,0.602,1.473,0.563,0.0,0.0,1,backup,0.0
Milik,Juventus,A,11.711,0.0,6.194,5,13.3,0.0,3.649,1.53,1.059,0.118,0.0,0,backup,0.0
Addai,Como,A,107.63,0.0,5.695,18,24.7,3.732,4.631,2.316,1.544,0.0,0.0,0,battle,0.0
Bonny,Inter,A,95.607,0.0,5.695,27,13.3,6.152,4.232,1.572,0.967,0.0,0.0,0,backup,0.0
Lind,Pisa,A,76.187,0.0,5.695,8,13.3,5.068,2.848,1.043,1.363,0.055,0.005,0,backup,0.0
Pizarro,Udinese,A,9.4,0.0,5.695,3,13.3,0.0,3.197,0.767,1.918,0.0,0.0,0,backup,0.0
Johnsen,Cremonese,A,76.187,0.0,4.702,12,13.3,5.068,2.848,1.043,1.363,0.055,0.005,0,backup,0.0
Kilicsoy,Cagliari,A,156.8,0.0,4.702,17,24.7,5.94,3.781,0.756,4.033,0.0,0.0,0,battle,0.0
Pierini,Sassuolo,A,76.187,0.0,4.702,9,13.3,5.068,2.848,1.043,1.363,0.055,0.005,0,backup,0.0
Cancellieri,Lazio,A,168.407,0.0,4.702,9,24.7,6.112,5.841,1.836,3.171,0.167,0.0,0,battle,0.0
Sarr A.,Verona,A,177.404,0.0,4.21,24,28.3,5.86,4.018,0.0,0.976,0.0,0.0,1,starter,0.0
Esposito F.P.,Inter,A,95.996,0.0,4.21,18,13.3,6.152,3.99,2.688,0.967,0.0,0.0,0,backup,0.0
Sanchez,Udinese,A,82.709,0.0,4.21,10,13.3,5.83,1.758,0.422,1.055,0.0,0.0,0,backup,0.0
Moreo,Pisa,A,76.187,0.0,4.21,16,13.3,5.068,2.848,1.043,1.363,0.055,0.005,0,backup,0.0
Karlsson,Bologna,A,75.636,0.0,4.21,7,13.3,5.117,2.308,1.429,1.099,0.0,0.11,0,backup,0.0
Banda,Lecce,A,122.828,0.0,3.72,12,20.7,5.77,1.044,1.492,1.949,0.131,0.0,1,battle,0.0
Almqvist,Parma,A,144.438,0.0,3.72,14,24.7,5.79,0.95,0.95,4.75,0.0,0.0,0,battle,0.0
Brenner,Udinese,A,88.641,0.0,3.72,10,13.3,5.92,2.903,1.867,1.343,0.0,0.0,0,backup,0.0
Rodriguez Je.,Como,A,57.955,0.0,3.234,16,13.3,3.732,2.494,1.247,0.831,0.0,0.0,0,backup,0.0
Bayo V.,Udinese,A,69.532,0.0,3.234,12,13.3,4.521,3.197,0.767,1.918,0.0,0.0,0,backup,0.0
Mulattieri,Sassuolo,A,76.187,0.0,2.271,10,13.3,5.068,2.848,1.043,1.363,0.055,0.005,0,backup,0.0
Taremi,Inter,A,83.699,0.0,2.271,5,13.3,5.97,1.064,1.487,0.762,0.0,0.0,0,backup,0.0
Rocha Livramento,Verona,A,77.745,0.0,2.271,8,13.3,5.8,0.605,0.605,1.209,0.605,0.0,0,backup,0.0
Pavoletti,Cagliari,A,83.905,0.0,2.271,3,13.3,5.95,2.246,0.183,4.302,0.0,0.0,0,backup,0.0
Ekhator,Genoa,A,81.974,0.0,2.271,3,13.3,5.87,1.155,0.945,1.015,0.0,0.0,0,backup,0.0
Meister,Pisa,A,76.187,0.0,1.797,13,13.3,5.068,2.848,1.043,1.363,0.055,0.005,0,backup,0.0
Alvarez A.,Sassuolo,A,76.187,0.0,1.328,4,13.3,5.068,2.848,1.043,1.363,0.055,0.005,0,backup,0.0
Bonazzoli,Cremonese,A,76.187,0.0,1.328,1,13.3,5.068,2.848,1.043,1.363,0.055,0.005,0,backup,0.0
Njie,Torino,A,82.853,0.0,1.328,1,13.3,6.0,1.089,0.467,1.365,0.0,0.0,0,backup,0.0
Buffon L.,Pisa,A,76.187,0.0,0.868,1,13.3,5.068,2.848,1.043,1.363,0.055,0.005,0,backup,0.0
Azon,Como,A,8.312,0.0,0.419,5,13.3,0.0,2.494,1.247,0.831,0.0,0.0,0,backup,0.0
Gabrielloni,Como,A,95.427,0.0,0.419,1,13.3,6.5,2.66,1.662,1.33,0.0,0.0,0,backup,0.0
Benedyczak,Parma,A,146.018,0.0,0.419,13,24.7,5.67,2.058,1.132,2.264,0.103,0.0,0,battle,0.0
Bonfanti N.,Pisa,A,76.187,0.0,0.419,2,13.3,5.068,2.848,1.043,1.363,0.055,0.005,0,backup,0.0
Moro L.,Sassuolo,A,76.187,0.0,0.419,1,13.3,5.068,2.848,1.043,1.363,0.055,0.005,0,backup,0.0
Skjellerup,Sassuolo,A,76.187,0.0,0.419,1,13.3,5.068,2.848,1.043,1.363,0.055,0.005,0,backup,0.0
Giovane,Verona,A,115.07,0.0,,12,24.7,4.231,3.817,0.674,2.245,0.225,0.0,0,battle,0.0
Orsolini,Bologna,C,267.127,81.079,211.356,220,32.3,6.53,17.622,4.455,2.228,0.0,0.0,0,starter,0.0
Pulisic,Milan,C,247.687,61.639,181.437,216,32.3,6.38,11.496,7.6,0.95,0.0,0.0,0,starter,0.0
McTominay,Napoli,C,247.513,61.465,174.112,201,32.3,6.56,11.4,2.85,2.85,0.0,0.0,0,starter,0.0
Ilkhan,Torino,C,153.134,0.0,170.361,1,24.7,5.981,2.245,0.842,3.789,0.14,0.0,0,battle,0.0
Zaccagni,Lazio,C,242.096,56.048,168.237,205,32.3,6.28,10.804,11.59,9.5,0.0,0.0,0,starter,0.0
Calhanoglu,Inter,C,238.481,52.433,137.799,151,32.3,6.34,9.887,6.921,5.768,0.0,0.0,0,starter,0.0
Paz N.,Como,C,227.607,41.559,109.949,124,32.3,6.38,5.873,6.852,5.873,0.0,0.0,0,starter,0.0
Gudmundsson A.,Fiorentina,C,202.685,16.637,99.458,177,32.3,5.932,3.968,2.597,5.519,0.325,0.0,0,starter,0.0
Thuram K.,Juventus,C,217.682,31.634,68.345,63,32.3,6.3,3.915,4.894,4.894,0.0,0.0,0,starter,0.0
Conceicao,Juventus,C,208.658,22.61,67.242,88,32.3,6.12,3.876,3.876,3.876,1.292,0.0,0,starter,0.0
Barella,Inter,C,217.634,31.586,66.027,58,32.3,6.26,2.936,8.584,3.915,0.0,0.0,0,starter,0.0
De Bruyne,Napoli,C,171.841,0.0,62.847,147,32.3,4.819,4.844,3.143,2.968,0.0,0.0,0,starter,0.0
Ederson D.S.,Atalanta,C,208.712,22.664,53.873,58,32.3,6.17,3.589,1.794,2.692,0.897,0.0,0,starter,0.0
Bernabè,Parma,C,213.014,26.966,49.908,36,32.3,6.29,1.768,5.474,1.833,0.008,0.0,0,starter,0.0
De Roon,Atalanta,C,210.758,24.709,45.538,33,32.3,6.15,3.589,3.589,4.486,0.0,0.0,0,starter,0.0
Konè M.,Roma,C,206.113,20.065,42.392,40,32.3,6.26,1.958,0.979,5.873,0.0,0.0,0,starter,0.0
Ferguson,Bologna,C,208.632,22.584,38.288,23,32.3,6.11,3.248,2.3,1.106,0.105,0.0,0,starter,0.0
Zambo Anguissa,Napoli,C,197.17,11.122,36.596,54,28.3,6.41,4.851,3.234,4.043,0.0,0.0,1,starter,0.0
Casadei,Torino,C,202.188,16.14,32.783,30,32.3,6.03,2.349,1.89,2.854,0.046,0.0,0,starter,0.0
Odgaard,Bologna,C,136.254,0.0,32.307,78,24.7,5.019,4.161,1.745,2.819,0.268,0.0,0,battle,0.0
Sohm,Fiorentina,C,199.546,13.498,31.029,34,32.3,5.932,2.922,2.597,5.519,0.325,0.0,0,starter,0.0
Bailey,Roma,C,158.304,0.0,28.837,70,24.7,6.088,2.906,1.695,4.964,0.0,0.0,0,battle,0.0
Freuler,Bologna,C,200.81,14.762,27.931,23,32.3,6.19,0.873,0.873,5.238,0.0,0.0,0,starter,0.0
Anjorin,Torino,C,200.252,14.204,27.198,23,32.3,5.981,2.936,1.101,4.955,0.184,0.0,0,starter,0.0
Jashari,Milan,C,193.007,6.959,24.6,39,32.3,5.459,3.906,7.289,3.455,0.3,0.0,0,starter,0.0
Politano,Napoli,C,158.594,0.0,22.386,55,24.7,6.11,2.003,2.67,2.003,0.0,0.0,0,battle,0.0
Modric,Milan,C,190.743,4.695,22.079,40,32.3,5.459,4.429,3.455,3.455,0.3,0.0,0,starter,0.0
Masini,Genoa,C,199.506,13.458,21.932,10,32.3,6.06,1.834,0.146,3.613,0.0,0.036,0,starter,0.0
Guendouzi,Lazio,C,195.965,9.917,21.603,23,32.3,6.04,0.873,1.746,6.984,0.0,0.0,0,starter,0.0
Lobotka,Napoli,C,194.894,8.846,20.215,23,32.3,6.05,0.0,1.042,3.126,0.0,0.0,0,starter,0.0
Frendrup,Genoa,C,195.184,9.136,19.74,21,32.3,6.0,1.846,0.0,4.614,0.0,0.923,0,starter,0.0
Frattesi,Inter,C,165.34,0.0,18.98,47,24.7,6.02,5.37,1.074,1.074,0.0,0.0,0,battle,0.0
Vlasic,Torino,C,165.949,0.0,18.556,46,24.7,6.07,4.517,2.47,0.0,0.0,0.0,0,battle,0.0
Rovella,Lazio,C,193.927,7.879,18.542,22,32.3,6.11,0.0,2.936,12.724,0.0,0.0,0,starter,0.0
Isaksen,Lazio,C,120.135,0.0,18.133,45,24.7,4.68,2.003,2.27,5.875,0.401,0.0,0,battle,0.0
Tramoni M.,Pisa,C,178.482,0.0,16.866,42,32.3,5.286,2.787,2.171,4.609,0.217,0.027,0,starter,0.0
Neres,Napoli,C,89.376,0.0,16.445,41,13.3,6.32,1.064,2.66,1.064,0.0,0.0,0,backup,0.0
Gronbaek,Genoa,C,186.44,0.392,15.265,37,32.3,5.593,2.321,1.46,3.832,0.0,0.365,0,starter,0.0
Koopmeiners,Juventus,C,157.851,0.0,14.764,37,24.7,5.98,2.646,3.529,2.646,0.0,0.0,0,battle,0.0
Vandeputte,Cremonese,C,136.486,0.0,14.346,36,24.7,5.286,2.132,1.66,3.524,0.166,0.021,0,battle,0.0
Samardzic,Atalanta,C,154.393,0.0,13.927,35,24.7,6.09,1.764,0.0,2.646,0.0,0.0,0,battle,0.0
Saelemaekers,Milan,C,144.662,0.0,13.927,35,24.7,5.459,2.987,2.642,2.642,0.23,0.0,0,battle,0.0
Fofana Y.,Milan,C,82.742,0.0,13.51,34,13.3,6.03,0.391,2.347,1.956,0.0,0.0,0,backup,0.0
Da Cunha,Como,C,157.021,0.0,13.093,33,24.7,6.1,2.117,1.411,2.823,0.0,0.0,0,battle,0.0
Dele-Bashiru,Lazio,C,136.363,0.0,13.093,33,20.7,6.06,3.357,1.32,0.738,0.05,0.0,1,battle,0.0
Mkhitaryan,Inter,C,154.313,0.0,13.093,33,24.7,6.06,0.772,3.859,3.088,0.0,0.0,0,battle,0.0
Serdar,Verona,C,193.169,7.121,12.952,12,32.3,5.79,3.076,1.538,3.076,1.538,0.0,0,starter,0.0
Locatelli,Juventus,C,155.557,0.0,12.677,32,24.7,6.19,1.711,0.706,6.351,0.0,0.0,0,battle,0.0
Vazquez,Cremonese,C,136.486,0.0,11.846,30,24.7,5.286,2.132,1.66,3.524,0.166,0.021,0,battle,0.0
Carboni V.,Genoa,C,186.048,0.0,11.432,29,32.3,5.593,2.19,1.46,3.832,0.0,0.365,0,starter,0.0
Pasalic,Atalanta,C,153.836,0.0,11.018,28,24.7,5.91,2.245,1.497,0.748,0.0,0.0,0,battle,0.0
Baturina,Como,C,137.712,0.0,11.018,28,24.7,5.216,2.96,2.45,3.674,0.306,0.0,0,battle,0.0
Fazzini,Fiorentina,C,82.166,0.0,10.605,27,13.3,5.932,1.203,1.069,2.272,0.134,0.0,0,backup,0.0
Folorunsho,Cagliari,C,175.418,0.0,10.605,27,32.3,5.257,1.794,2.447,3.099,0.326,0.0,0,starter,0.0
Karlstrom,Udinese,C,186.773,0.725,10.277,14,32.3,5.85,0.0,1.746,7.857,0.0,0.0,0,starter,0.0
El Aynaoui,Roma,C,182.752,0.0,10.193,26,28.3,6.088,3.788,1.942,5.688,0.0,0.0,1,starter,0.0
Mandragora,Fiorentina,C,164.328,0.0,9.782,25,24.7,6.19,3.659,3.659,6.404,0.0,0.0,0,battle,0.0
Ricci S.,Milan,C,144.662,0.0,9.782,25,24.7,5.459,2.987,2.642,2.642,0.23,0.0,0,battle,0.0
Malinovskyi,Genoa,C,161.95,0.0,9.782,25,24.7,6.33,1.621,3.084,4.082,0.0,0.154,0,battle,0.0
Stanciu,Genoa,C,142.272,0.0,9.782,25,24.7,5.593,1.675,1.116,2.931,0.0,0.279,0,battle,0.0
Maldini,Atalanta,C,162.874,0.0,9.372,24,24.7,6.02,5.489,0.0,4.574,0.0,0.0,0,battle,0.0
Bernardeschi,Bologna,C,137.304,0.0,9.372,24,24.7,5.019,4.511,1.745,2.819,0.268,0.0,0,battle,0.0
Sucic P.,Inter,C,162.31,0.0,9.372,24,24.7,6.085,2.697,5.338,2.839,0.0,0.0,0,battle,0.0
Lovric,Udinese,C,151.093,0.0,9.372,24,24.7,5.96,1.411,1.411,3.529,0.0,0.0,0,battle,0.0
Fagioli,Fiorentina,C,149.312,0.0,9.372,24,24.7,5.92,1.029,2.058,4.117,0.0,0.0,0,battle,0.0
Helgason,Lecce,C,155.015,0.0,9.372,24,24.7,6.03,0.125,5.94,0.481,0.0,0.0,0,battle,0.0
Thorstvedt,Sassuolo,C,178.482,0.0,9.372,24,32.3,5.286,2.787,2.171,4.609,0.217,0.027,0,starter,0.0
Bondo,Cremonese,C,136.486,0.0,9.372,18,24.7,5.286,2.132,1.66,3.524,0.166,0.021,0,battle,0.0
Adopo,Cagliari,C,190.076,4.028,9.065,14,32.3,5.87,0.95,0.95,2.85,0.95,0.0,0,starter,0.0
Sottil,Lecce,C,123.296,0.0,8.962,23,24.7,4.882,0.831,1.808,3.206,0.0,0.0,0,battle,0.0
Cristante,Roma,C,87.685,0.0,8.962,23,13.3,6.2,1.9,1.425,3.8,0.0,0.0,0,backup,0.0
Brescianini,Atalanta,C,89.336,0.0,8.962,23,13.3,6.13,2.313,1.157,0.578,0.0,0.0,0,backup,0.0
Collocolo,Cremonese,C,136.486,0.0,8.962,23,24.7,5.286,2.132,1.66,3.524,0.166,0.021,0,battle,0.0
Ekkelenkamp,Udinese,C,156.144,0.0,8.553,22,24.7,5.97,2.645,1.497,1.497,0.0,0.0,0,battle,0.0
Pobega,Bologna,C,81.795,0.0,8.553,22,13.3,6.05,1.33,1.33,2.66,1.33,0.0,0,backup,0.0
Zalewski,Atalanta,C,126.629,0.0,8.553,22,24.7,4.738,3.267,1.307,2.483,0.131,0.0,0,battle,0.0
Caqueret,Como,C,167.019,0.0,8.146,21,24.7,6.34,3.062,4.195,5.675,0.061,0.0,0,battle,0.0
Pellegrini Lo.,Roma,C,80.11,0.0,7.739,20,13.3,5.68,1.064,2.438,2.128,0.0,0.0,0,backup,0.0
Pierotti,Lecce,C,160.112,0.0,7.739,20,32.3,4.882,1.087,1.242,4.193,0.0,0.0,0,starter,0.0
Prati,Cagliari,C,190.962,4.914,7.717,11,32.3,5.85,0.897,1.223,3.165,0.163,0.0,0,starter,0.0
Tete Morente,Lecce,C,152.845,0.0,7.333,19,24.7,5.87,2.47,2.505,4.117,0.0,0.0,0,battle,0.0
Perrone,Como,C,146.718,0.0,7.333,19,24.7,5.94,0.0,2.964,5.928,0.0,0.0,0,battle,0.0
El Shaarawy,Roma,C,89.294,0.0,7.333,19,13.3,6.19,1.9,1.9,1.267,0.0,0.0,0,backup,0.0
McKennie,Juventus,C,82.22,0.0,6.928,18,13.3,5.94,0.858,1.287,1.287,0.0,0.0,0,backup,0.0
Messias,Genoa,C,82.571,0.0,6.928,18,13.3,6.0,0.845,0.785,0.981,0.0,0.03,0,backup,0.0
Hernani,Parma,C,86.945,0.0,6.928,18,13.3,6.08,1.596,3.155,3.724,0.0,0.0,0,backup,0.0
Rafia,Lecce,C,75.643,0.0,6.928,7,13.3,5.78,0.045,0.051,2.833,0.0,0.0,0,backup,0.0
Fabbian,Bologna,C,85.833,0.0,6.525,17,13.3,6.09,1.814,0.0,1.209,0.0,0.0,0,backup,0.0
Loftus-Cheek,Milan,C,143.872,0.0,6.122,16,24.7,5.86,0.299,0.264,3.969,0.023,0.0,0,battle,0.0
Baldanzi,Roma,C,81.7,0.0,6.122,16,13.3,6.0,0.633,0.633,1.267,0.0,0.0,0,backup,0.0
Tourè I.,Pisa,C,156.379,0.0,6.122,16,28.3,5.286,2.442,1.902,4.038,0.19,0.024,1,starter,0.0
Ondrejka,Parma,C,96.109,0.0,5.721,15,13.3,6.35,3.957,0.299,0.898,0.033,0.0,0,backup,0.0
Pisilli,Roma,C,81.474,0.0,5.721,15,13.3,5.98,1.108,0.554,3.879,0.0,0.0,0,backup,0.0
Suslov,Verona,C,77.301,0.0,5.321,14,13.3,5.84,0.377,0.429,2.145,0.429,0.0,0,backup,0.0
Luis Henrique,Inter,C,86.281,0.0,5.321,14,13.3,6.085,1.452,1.758,1.529,0.0,0.0,0,backup,0.0
Coulibaly L.,Lecce,C,169.815,0.0,5.321,14,28.3,5.96,0.765,0.0,2.295,0.0,0.0,1,starter,0.0
Harroui,Verona,C,153.973,0.0,5.321,14,24.7,5.95,2.027,3.21,3.38,0.296,0.0,0,battle,0.0
Vecino,Lazio,C,158.904,0.0,5.321,14,24.7,6.14,2.67,3.932,9.232,0.04,0.0,0,battle,0.0
Boloca,Sassuolo,C,178.482,0.0,5.321,13,32.3,5.286,2.787,2.171,4.609,0.217,0.027,0,starter,0.0
Fadera,Sassuolo,C,73.493,0.0,5.321,13,13.3,5.286,1.148,0.894,1.898,0.09,0.011,0,backup,0.0
Piotrowski,Udinese,C,147.438,0.0,5.321,12,24.7,5.886,0.925,1.057,3.566,0.0,0.0,0,battle,0.0
Sorensen O.,Parma,C,140.672,0.0,5.321,14,24.7,5.443,2.346,1.112,3.335,0.124,0.0,0,battle,0.0
Sulemana I.,Atalanta,C,139.046,0.0,5.321,10,20.7,6.17,3.987,0.767,2.492,0.077,0.0,1,battle,0.0
Felici,Cagliari,C,79.433,0.0,4.923,13,13.3,5.83,0.074,2.096,0.793,0.013,0.0,0,backup,0.0
Marin M.,Pisa,C,136.486,0.0,4.923,8,24.7,5.286,2.132,1.66,3.524,0.166,0.021,0,battle,0.0
Konè I.,Sassuolo,C,178.482,0.0,4.923,14,32.3,5.286,2.787,2.171,4.609,0.217,0.027,0,starter,0.0
Cataldi,Lazio,C,64.688,0.0,4.923,7,13.3,4.68,1.078,1.222,3.163,0.216,0.0,0,backup,0.0
Ordonez C.,Parma,C,143.568,0.0,4.923,13,24.7,5.443,2.346,4.007,3.335,0.124,0.0,0,battle,0.0
Vural,Pisa,C,73.493,0.0,4.923,1,13.3,5.286,1.148,0.894,1.898,0.09,0.011,0,backup,0.0
Gaetano,Cagliari,C,158.336,0.0,4.526,12,24.7,6.04,1.83,3.659,0.0,0.0,0.0,0,battle,0.0
Gilmour,Napoli,C,81.344,0.0,4.526,12,13.3,6.0,0.259,0.859,0.183,0.0,0.0,0,backup,0.0
Ilic,Torino,C,149.194,0.0,4.526,12,24.7,5.91,1.684,1.069,5.698,0.028,0.0,0,battle,0.0
Pierret,Lecce,C,141.202,0.0,4.526,12,24.7,5.75,0.0,0.0,1.647,0.0,0.0,0,battle,0.0
Atta,Udinese,C,166.724,0.0,4.526,24,28.3,6.0,0.0,0.0,6.152,0.0,0.0,1,starter,0.0
Ellertsson,Genoa,C,76.608,0.0,4.526,13,13.3,5.593,0.902,0.601,1.578,0.0,0.15,0,backup,0.0
Gineitis,Torino,C,82.697,0.0,4.526,11,13.3,5.95,1.425,0.475,2.375,0.0,0.0,0,backup,0.0
Asllani,Inter,C,88.437,0.0,4.526,9,13.3,6.16,1.62,2.798,2.301,0.0,0.0,0,backup,0.0
Akinsanmiro,Pisa,C,73.493,0.0,4.526,13,13.3,5.286,1.148,0.894,1.898,0.09,0.011,0,backup,0.0
Ramadani,Lecce,C,147.64,0.0,4.131,11,24.7,5.85,0.915,1.773,2.744,0.0,0.0,0,battle,0.0
Volpato,Sassuolo,C,73.493,0.0,4.131,13,13.3,5.286,1.148,0.894,1.898,0.09,0.011,0,backup,0.0
Tameze,Torino,C,78.2,0.0,4.131,11,13.3,5.9,0.302,0.113,2.505,0.019,0.0,0,backup,0.0
Belahyane,Lazio,C,52.23,0.0,4.131,5,9.3,5.77,0.0,0.715,1.431,0.715,0.0,1,backup,0.0
Chukwueze,Milan,C,62.492,0.0,4.131,11,9.3,6.09,1.62,1.129,0.199,0.017,0.0,1,backup,0.0
Moro N.,Bologna,C,81.455,0.0,4.131,7,13.3,6.0,0.448,0.853,0.969,0.029,0.0,0,backup,0.0
Keita M.,Parma,C,159.127,0.0,3.738,10,28.3,5.73,0.0,1.011,4.043,1.011,0.0,1,starter,0.0
Deiola,Cagliari,C,81.662,0.0,3.738,11,13.3,5.98,1.064,0.532,3.192,0.0,0.0,0,backup,0.0
Mazzitelli,Cagliari,C,72.231,0.0,3.738,11,13.3,5.257,0.739,1.008,1.276,0.134,0.0,0,backup,0.0
Lipani,Sassuolo,C,73.493,0.0,3.738,7,13.3,5.286,1.148,0.894,1.898,0.09,0.011,0,backup,0.0
Payero,Udinese,C,79.268,0.0,3.738,10,13.3,5.9,0.532,0.532,2.66,0.0,0.0,0,backup,0.0
Bernede,Verona,C,146.163,0.0,3.738,10,24.7,5.79,1.708,0.592,4.186,0.237,0.0,0,battle,0.0
Castagnetti,Cremonese,C,73.493,0.0,3.738,5,13.3,5.286,1.148,0.894,1.898,0.09,0.011,0,backup,0.0
Niasse,Verona,C,112.421,0.0,3.738,12,20.7,5.5,0.446,0.558,5.758,0.223,0.0,1,battle,0.0
Valoti,Cremonese,C,73.493,0.0,3.346,9,13.3,5.286,1.148,0.894,1.898,0.09,0.011,0,backup,0.0
Musah,Milan,C,75.421,0.0,3.346,9,13.3,5.69,0.0,1.023,2.558,0.0,0.0,0,backup,0.0
Piccinini G.,Pisa,C,136.486,0.0,3.346,9,24.7,5.286,2.132,1.66,3.524,0.166,0.021,0,battle,0.0
Thorsby,Genoa,C,75.15,0.0,3.346,12,13.3,5.78,0.0,0.493,2.463,0.0,0.493,0,backup,0.0
Sergi Roberto,Como,C,74.153,0.0,3.346,8,13.3,5.216,1.594,1.319,1.979,0.165,0.0,0,backup,0.0
Richardson,Fiorentina,C,77.672,0.0,3.346,8,13.3,5.78,0.532,0.532,2.66,0.0,0.0,0,backup,0.0
Tourè I.,Pisa,C,156.379,0.0,2.957,16,28.3,5.286,2.442,1.902,4.038,0.19,0.024,1,starter,0.0
Aebischer,Pisa,C,178.482,0.0,2.957,14,32.3,5.286,2.787,2.171,4.609,0.217,0.027,0,starter,0.0
Grassi,Cremonese,C,178.482,0.0,2.957,9,32.3,5.286,2.787,2.171,4.609,0.217,0.027,0,starter,0.0
Miretti,Juventus,C,69.659,0.0,2.57,9,13.3,4.965,1.221,1.092,1.992,0.064,0.0,0,backup,0.0
Zielinski,Inter,C,85.643,0.0,2.57,12,13.3,5.98,1.815,0.665,0.0,0.0,0.0,0,backup,0.0
Ghion,Sassuolo,C,73.493,0.0,2.57,11,13.3,5.286,1.148,0.894,1.898,0.09,0.011,0,backup,0.0
Kastanos,Verona,C,78.942,0.0,2.57,10,13.3,5.89,0.605,0.0,2.418,0.0,0.0,0,backup,0.0
Douglas Luiz,Juventus,C,78.314,0.0,2.57,6,13.3,5.87,0.305,0.273,1.828,0.016,0.0,0,backup,0.0
Berisha M.,Lecce,C,148.629,0.0,2.57,7,24.7,6.07,0.249,1.52,7.137,0.0,0.0,0,battle,0.0
Arena,Pisa,C,73.493,0.0,2.57,1,13.3,5.286,1.148,0.894,1.898,0.09,0.011,0,backup,0.0
Maleh,Lecce,C,65.928,0.0,2.186,6,13.3,4.882,0.448,0.512,1.726,0.0,0.0,0,backup,0.0
Venturino,Genoa,C,96.713,0.0,2.186,10,13.3,6.83,2.096,0.511,1.341,0.0,0.128,0,backup,0.0
Leris,Pisa,C,73.493,0.0,2.186,3,13.3,5.286,1.148,0.894,1.898,0.09,0.011,0,backup,0.0
Santiago,Verona,C,120.076,0.0,2.186,2,24.7,4.792,1.183,1.479,4.289,0.592,0.0,0,battle,0.0
Iannoni,Sassuolo,C,73.493,0.0,2.186,7,13.3,5.286,1.148,0.894,1.898,0.09,0.011,0,backup,0.0
Kostic,Juventus,C,3.63,0.0,1.805,7,13.3,0.0,1.221,1.092,1.992,0.064,0.0,0,backup,0.0
Pickel,Cremonese,C,51.39,0.0,1.428,3,9.3,5.286,0.803,0.625,1.327,0.063,0.008,1,backup,0.0
Ndour,Fiorentina,C,77.739,0.0,1.428,4,13.3,5.71,0.782,0.695,2.142,0.087,0.0,0,backup,0.0
Miller L.,Udinese,C,147.438,0.0,1.056,10,24.7,5.886,0.925,1.057,3.566,0.0,0.0,0,battle,0.0
Engelhardt,Como,C,79.892,0.0,1.056,3,13.3,5.81,0.984,0.929,2.391,0.033,0.0,0,backup,0.0
Sabiri,Fiorentina,C,82.166,0.0,1.056,4,13.3,5.932,1.203,1.069,2.272,0.134,0.0,0,backup,0.0
Estevez,Parma,C,77.685,0.0,1.056,3,13.3,5.79,0.505,0.239,2.048,0.027,0.0,0,backup,0.0
Zarraga,Udinese,C,78.979,0.0,0.69,6,13.3,5.78,0.715,0.057,0.192,0.0,0.0,0,backup,0.0
Alli,Como,C,63.385,0.0,0.69,1,13.3,4.5,1.622,1.253,1.88,0.822,0.0,0,backup,0.0
Basic,Lazio,C,2.444,0.0,0.69,1,13.3,0.0,1.078,1.222,3.163,0.216,0.0,0,backup,0.0
Kaba,Lecce,C,78.268,0.0,0.69,2,13.3,5.88,0.179,0.205,1.356,0.0,0.0,0,backup,0.0
Marchwinski,Lecce,C,0.991,0.0,0.69,2,13.3,0.0,0.448,0.512,1.726,0.0,0.0,0,backup,0.0
Zerbin,Cremonese,C,178.482,0.0,0.333,24,32.3,5.286,2.787,2.171,4.609,0.217,0.027,0,starter,0.0
Liteta,Cagliari,C,72.231,0.0,0.333,6,13.3,5.257,0.739,1.008,1.276,0.134,0.0,0,backup,0.0
Bianco,Fiorentina,C,82.166,0.0,0.333,2,13.3,5.932,1.203,1.069,2.272,0.134,0.0,0,backup,0.0
Hojholt,Pisa,C,73.493,0.0,0.333,2,13.3,5.286,1.148,0.894,1.898,0.09,0.011,0,backup,0.0
Pafundi,Udinese,C,76.348,0.0,0.333,6,13.3,5.67,0.423,0.484,1.632,0.0,0.0,0,backup,0.0
Rog,Cagliari,C,72.231,0.0,0.333,1,13.3,5.257,0.739,1.008,1.276,0.134,0.0,0,backup,0.0
Adzic,Juventus,C,83.249,0.0,0.333,1,13.3,6.0,1.16,1.038,1.892,0.061,0.0,0,backup,0.0
Dumfries,Inter,D,229.787,45.27,116.273,100,32.3,6.19,7.797,2.228,4.455,0.0,0.0,0,starter,6.46
Dimarco,Inter,D,230.649,46.132,115.565,96,32.3,6.31,4.037,9.777,3.028,0.0,0.0,0,starter,6.46
Gosens,Fiorentina,D,216.047,31.53,87.799,86,32.3,6.12,5.047,3.028,6.056,0.0,0.0,0,starter,3.23
Bastoni,Inter,D,216.854,32.338,84.991,78,32.3,6.42,1.009,4.037,4.037,1.009,0.0,0,starter,6.46
Bremer,Juventus,D,213.723,29.207,63.117,44,32.3,6.5,0.853,0.569,4.601,0.142,0.0,0,starter,3.23
Tavares N.,Lazio,D,211.691,27.175,62.528,49,32.3,6.28,0.0,9.83,2.809,1.404,0.0,0,starter,3.23
Cambiaso,Juventus,D,207.003,22.486,62.397,63,32.3,6.09,2.019,3.028,4.037,0.0,0.0,0,starter,3.23
Di Lorenzo,Napoli,D,208.859,24.342,62.22,57,32.3,6.15,2.619,1.746,5.238,0.0,0.0,0,starter,3.23
Angelino,Roma,D,207.077,22.561,60.517,59,32.3,6.14,1.7,0.85,0.85,0.0,0.0,0,starter,3.23
Buongiorno,Napoli,D,211.594,27.078,59.89,44,32.3,6.36,1.468,0.0,2.936,0.0,0.0,0,starter,3.23
Solet,Udinese,D,210.113,25.596,55.664,40,32.3,6.16,3.518,1.695,1.919,1.655,0.032,0,starter,3.23
Bellanova,Atalanta,D,205.243,20.727,54.27,52,32.3,6.04,0.0,8.306,2.769,0.0,0.0,0,starter,3.23
Martin,Genoa,D,207.456,22.939,47.717,32,32.3,6.17,0.0,7.178,4.486,0.0,0.0,0,starter,3.23
Dodò,Fiorentina,D,204.09,19.574,47.6,42,32.3,6.19,0.0,4.614,7.383,0.0,0.0,0,starter,3.23
Valeri,Parma,D,208.854,24.337,47.349,27,32.3,5.94,1.9,8.537,0.95,0.0,0.0,0,starter,3.23
Mancini,Roma,D,205.463,20.947,43.756,30,32.3,6.18,1.746,0.873,6.984,0.0,0.0,0,starter,3.23
Delprato,Parma,D,205.599,21.083,39.557,21,32.3,6.03,3.8,0.0,7.6,0.0,0.0,0,starter,3.23
Marusic,Lazio,D,202.083,17.567,35.327,23,32.3,5.85,4.168,0.0,1.042,0.0,1.042,0,starter,3.23
Vasquez,Genoa,D,203.005,18.489,35.232,20,32.3,6.06,2.692,0.0,8.075,0.0,0.0,0,starter,3.23
Miranda J.,Bologna,D,200.873,16.356,34.026,24,32.3,6.05,0.0,6.683,4.455,1.114,0.0,0,starter,3.23
Gatti,Juventus,D,203.859,19.343,33.098,13,32.3,6.14,1.154,0.0,2.307,0.0,0.0,0,starter,3.23
Gaspar K.,Lecce,D,201.848,17.332,33.042,19,32.3,6.17,0.0,1.346,4.037,0.0,0.0,0,starter,3.23
Pavlovic,Milan,D,199.262,14.745,30.209,21,32.3,5.91,2.936,1.468,4.405,1.468,0.0,0,starter,3.23
Mina,Cagliari,D,199.103,14.587,29.977,21,32.3,6.06,1.434,0.0,4.168,1.042,0.0,0,starter,3.23
Luperto,Cagliari,D,199.722,15.205,29.439,18,32.3,6.0,0.897,1.794,3.589,0.0,0.0,0,starter,3.23
Tiago Gabriel,Lecce,D,204.641,20.125,28.94,2,32.3,6.25,0.773,0.773,2.783,0.619,0.464,0,starter,3.23
N'Dicka,Roma,D,194.565,10.049,25.753,26,32.3,6.05,0.0,0.0,1.7,0.0,0.0,0,starter,0.0
Hien,Atalanta,D,189.846,5.33,24.629,38,32.3,5.95,0.0,0.0,11.138,0.0,0.0,0,starter,3.23
Gila,Lazio,D,195.617,11.101,24.416,20,32.3,6.05,1.009,0.0,8.075,0.0,1.009,0,starter,3.23
Vojvoda,Como,D,198.131,13.614,23.295,10,32.3,5.96,1.196,2.393,7.178,0.0,0.0,0,starter,3.23
Wesley,Roma,D,153.669,0.0,23.099,51,32.3,4.621,0.718,1.256,3.051,0.179,0.179,0,starter,3.23
Biraghi,Torino,D,193.486,8.97,22.759,23,32.3,5.83,1.538,1.178,1.538,0.0,1.538,0,starter,3.23
Comuzzo,Fiorentina,D,194.7,10.183,21.663,17,32.3,5.91,1.154,0.0,5.768,0.0,0.0,0,starter,3.23
Zappacosta,Atalanta,D,161.228,0.0,20.727,46,24.7,5.98,3.293,1.647,2.47,0.0,0.0,0,battle,3.23
Ranieri L.,Fiorentina,D,194.131,9.615,20.37,16,32.3,5.92,1.42,1.794,6.281,0.0,0.0,0,starter,0.0
Zortea,Bologna,D,119.964,0.0,18.368,41,24.7,4.84,0.278,2.081,3.33,0.278,0.139,0,battle,0.0
Ostigard,Genoa,D,193.5,8.984,18.052,13,32.3,5.827,1.108,1.583,5.067,0.158,0.0,0,starter,3.23
Tomori,Milan,D,189.278,4.762,17.656,25,32.3,5.86,0.145,1.706,3.774,1.688,0.054,0,starter,3.23
Zappa,Cagliari,D,192.544,8.028,16.687,13,32.3,5.75,1.794,0.0,3.589,0.0,0.0,0,starter,3.23
Estupinan,Milan,D,177.784,0.0,16.491,37,32.3,5.285,1.452,4.741,5.444,0.726,0.544,0,starter,3.23
Circati,Parma,D,192.374,7.857,16.444,13,32.3,5.83,1.263,0.884,5.152,0.379,0.253,0,starter,3.23
Ehizibue,Udinese,D,190.622,6.106,14.891,15,32.3,5.85,0.0,1.042,5.21,0.0,0.0,0,starter,3.23
Rrahmani,Napoli,D,155.538,0.0,14.16,32,24.7,6.14,0.65,0.65,1.3,0.0,0.65,0,battle,3.23
Carlos Augusto,Inter,D,87.922,0.0,13.695,31,13.3,6.2,1.425,1.425,0.475,0.0,0.0,0,backup,0.0
Lucumì,Bologna,D,186.492,1.976,11.851,21,32.3,5.83,0.0,1.009,8.075,1.009,0.0,0,starter,3.23
Acerbi,Inter,D,151.105,0.0,11.386,26,24.7,6.07,0.0,1.176,0.0,0.0,0.0,0,battle,0.0
Beukema,Napoli,D,121.01,0.0,10.926,25,24.7,4.831,0.842,0.842,2.807,0.0,0.14,0,battle,0.0
Frese,Verona,D,189.523,5.007,10.573,9,32.3,5.79,0.621,0.414,4.344,0.414,0.0,0,starter,3.23
Kalulu,Juventus,D,148.694,0.0,10.468,24,24.7,6.02,0.882,0.0,1.764,0.882,0.0,0,battle,0.0
Scalvini,Atalanta,D,135.546,0.0,10.468,24,24.7,5.5,0.405,1.62,5.628,0.0,0.162,0,battle,0.0
Pavard,Inter,D,148.312,0.0,10.011,23,24.7,6.05,0.0,1.123,4.491,0.0,0.0,0,battle,0.0
Kossounou,Atalanta,D,122.587,0.0,9.554,22,20.7,5.94,0.064,0.255,1.531,0.0,0.025,1,battle,0.0
Romagnoli,Lazio,D,144.248,0.0,9.554,22,24.7,5.84,1.544,0.0,3.088,1.544,0.0,0,battle,0.0
Olivera,Napoli,D,149.353,0.0,9.099,21,24.7,6.08,0.0,0.823,3.293,0.0,0.0,0,battle,0.0
Bisseck,Inter,D,156.433,0.0,9.099,21,24.7,6.0,2.744,1.83,3.659,0.0,0.0,0,battle,0.0
De Vrij,Inter,D,161.628,0.0,8.644,20,24.7,6.18,3.368,0.0,2.245,0.0,0.0,0,battle,0.0
Lovik,Parma,D,187.602,3.085,8.365,10,32.3,5.75,1.444,1.011,4.042,0.433,0.289,0,starter,0.0
Lazaro,Torino,D,150.997,0.0,8.191,19,24.7,5.98,0.0,5.682,4.781,0.0,0.0,0,battle,0.0
Kamara H.,Udinese,D,151.348,0.0,8.191,19,24.7,5.93,0.823,3.293,4.94,0.823,0.0,0,battle,3.23
Vitik,Bologna,D,160.106,0.0,7.739,18,32.3,4.84,0.363,2.722,4.355,0.363,0.181,0,starter,3.23
Joao Mario,Juventus,D,162.622,0.0,7.739,18,32.3,4.975,1.219,0.813,4.266,0.203,0.0,0,starter,0.0
Baschirotto,Cremonese,D,170.858,0.0,7.739,18,32.3,5.142,1.205,1.491,4.879,0.344,0.225,0,starter,3.23
Gutierrez,Napoli,D,121.01,0.0,7.739,18,24.7,4.831,0.842,0.842,2.807,0.0,0.14,0,battle,0.0
Celik,Roma,D,76.652,0.0,7.739,18,13.3,5.78,0.0,0.887,2.217,0.0,0.0,0,backup,0.0
Jimenez A.,Milan,D,154.768,0.0,7.739,18,24.7,5.95,2.8,2.932,7.057,0.0,0.0,0,battle,0.0
De Winter,Milan,D,130.551,0.0,7.288,17,24.7,5.285,1.11,0.694,4.163,0.555,0.416,0,battle,0.0
Idzes,Sassuolo,D,170.858,0.0,7.288,17,32.3,5.142,1.205,1.491,4.879,0.344,0.225,0,starter,3.23
Doig,Sassuolo,D,170.858,0.0,7.288,17,32.3,5.142,1.205,1.491,4.879,0.344,0.225,0,starter,3.23
Gabbia,Milan,D,153.14,0.0,6.839,16,24.7,6.04,1.976,0.0,3.952,0.0,0.0,0,battle,0.0
Pongracic,Fiorentina,D,182.065,0.0,6.839,16,32.3,5.85,0.229,0.229,2.415,1.661,1.638,0,starter,0.0
Smolcic I.,Como,D,188.012,3.496,6.674,5,32.3,5.81,0.195,0.584,6.931,0.292,0.0,0,starter,3.23
Djimsiti,Atalanta,D,145.236,0.0,6.391,15,24.7,5.88,0.748,1.497,4.491,0.0,0.748,0,battle,0.0
Holm,Bologna,D,149.889,0.0,6.391,15,24.7,5.94,1.291,1.651,4.371,0.056,0.028,0,battle,0.0
Kolasinac,Atalanta,D,147.652,0.0,6.391,15,24.7,6.13,0.0,2.148,7.517,0.0,1.074,0,battle,0.0
Kempf,Como,D,141.308,0.0,6.391,15,24.7,5.85,0.0,0.0,3.187,0.797,0.0,0,battle,0.0
Gallo,Lecce,D,184.516,0.0,6.391,15,32.3,5.79,0.0,2.084,3.126,1.042,2.084,0,starter,3.23
Ismajli,Torino,D,120.818,0.0,5.944,14,24.7,4.754,0.693,1.039,4.04,0.231,0.231,0,battle,3.23
Kelly L.,Juventus,D,140.022,0.0,5.944,14,24.7,5.67,0.373,0.249,2.54,0.062,0.0,0,battle,0.0
Candè,Sassuolo,D,128.186,0.0,5.944,14,24.7,5.142,0.921,1.14,3.731,0.263,0.172,0,battle,0.0
Athekame,Milan,D,70.297,0.0,5.944,14,13.3,5.285,0.598,0.374,2.242,0.299,0.224,0,backup,0.0
Angori,Pisa,D,170.858,0.0,5.944,14,32.3,5.142,1.205,1.491,4.879,0.344,0.225,0,starter,3.23
Rensch,Roma,D,81.551,0.0,5.944,14,13.3,6.06,0.177,0.975,0.754,0.044,0.044,0,backup,0.0
Darmian,Inter,D,84.701,0.0,5.944,14,13.3,6.08,1.535,1.023,1.535,0.0,0.512,0,backup,0.0
Ghilardi,Roma,D,150.439,0.0,5.944,14,32.3,4.621,0.718,1.256,3.051,0.179,0.179,0,starter,0.0
Marì,Fiorentina,D,76.01,0.0,5.499,13,13.3,5.84,0.0,0.0,1.662,0.416,0.0,0,backup,0.0
Maripan,Torino,D,145.589,0.0,5.499,13,24.7,5.93,0.882,0.0,3.529,0.882,0.0,0,battle,0.0
Cuadrado,Pisa,D,170.858,0.0,5.499,13,32.3,5.142,1.205,1.491,4.879,0.344,0.225,0,starter,3.23
Valle,Como,D,141.707,0.0,5.499,13,24.7,5.81,0.087,0.261,4.121,0.13,0.0,0,battle,0.0
Pezzella Giu.,Cremonese,D,170.858,0.0,5.499,13,32.3,5.142,1.205,1.491,4.879,0.344,0.225,0,starter,3.23
Ramon,Como,D,149.743,0.0,5.499,13,32.3,4.601,0.325,0.974,6.168,0.487,0.0,0,starter,3.23
Coco,Torino,D,147.2,0.0,5.056,12,24.7,5.86,1.544,0.0,7.719,0.0,0.772,0,battle,3.23
Lykogiannis,Bologna,D,81.507,0.0,5.056,12,13.3,6.0,0.03,2.884,2.354,0.03,0.015,0,backup,0.0
Muharemovic,Sassuolo,D,128.186,0.0,5.056,12,24.7,5.142,0.921,1.14,3.731,0.263,0.172,0,battle,0.0
Kristensen T.,Udinese,D,138.167,0.0,5.056,12,24.7,5.57,1.176,0.0,5.881,0.0,0.0,0,battle,0.0
Belghali,Verona,D,116.28,0.0,5.056,12,28.3,4.143,0.836,0.558,5.855,0.558,0.0,1,starter,0.0
Bertola,Udinese,D,115.975,0.0,4.614,11,24.7,4.695,1.1,1.223,4.647,0.611,0.489,0,battle,0.0
Floriani Mussolini,Cremonese,D,128.186,0.0,4.614,11,24.7,5.142,0.921,1.14,3.731,0.263,0.172,0,battle,0.0
Parisi,Fiorentina,D,82.792,0.0,4.614,11,13.3,6.0,1.33,0.0,1.995,0.0,0.0,0,backup,0.0
Sabelli,Genoa,D,145.401,0.0,4.614,11,24.7,5.87,0.0,1.647,2.47,0.0,0.0,0,battle,0.0
Walukiewicz,Sassuolo,D,170.858,0.0,4.614,11,32.3,5.142,1.205,1.491,4.879,0.344,0.225,0,starter,3.23
Dossena,Como,D,77.14,0.0,4.614,11,13.3,5.8,0.0,1.157,0.0,0.578,0.0,0,backup,0.0
Ceccherini,Cremonese,D,69.023,0.0,4.614,11,13.3,5.142,0.496,0.614,2.009,0.141,0.093,0,backup,0.0
Lazzari,Lazio,D,78.035,0.0,4.614,11,13.3,5.89,0.0,0.605,1.814,0.0,0.0,0,backup,0.0
Ebosse,Verona,D,119.51,0.0,4.614,11,28.3,4.143,0.836,0.558,5.855,0.558,0.0,1,starter,3.23
Heggem,Bologna,D,64.596,0.0,4.614,11,13.3,4.84,0.149,1.121,1.793,0.149,0.075,0,backup,0.0
Spinazzola,Napoli,D,82.755,0.0,4.175,10,13.3,6.07,0.578,0.578,0.578,0.0,0.0,0,backup,0.0
Posch,Bologna,D,64.596,0.0,4.175,10,13.3,4.84,0.149,1.121,1.793,0.149,0.075,0,backup,0.0
Cabal,Juventus,D,84.413,0.0,4.175,10,13.3,6.33,0.351,0.234,1.895,0.059,0.0,0,backup,0.0
Unai Nunez,Verona,D,135.946,0.0,4.175,10,32.3,4.143,0.955,0.636,6.683,0.636,0.0,0,starter,3.23
De Silvestri,Bologna,D,80.31,0.0,4.175,10,13.3,5.91,0.695,0.224,1.024,0.03,0.015,0,backup,0.0
Obert,Cagliari,D,149.613,0.0,4.175,10,24.7,5.95,1.302,1.302,5.096,0.006,0.0,0,battle,0.0
Kouassi,Lecce,D,130.877,0.0,4.175,10,24.7,5.315,0.657,0.657,2.365,0.526,0.394,0,battle,0.0
Ndiaye,Parma,D,109.595,0.0,4.175,10,20.7,5.222,1.156,0.809,3.238,0.347,0.231,1,battle,0.0
Goglichidze,Udinese,D,115.975,0.0,4.175,10,24.7,4.695,1.1,1.223,4.647,0.611,0.489,0,battle,0.0
Ahanor,Atalanta,D,74.442,0.0,3.738,9,13.3,5.55,0.273,1.09,2.126,0.0,0.109,0,backup,0.0
Folino,Cremonese,D,69.023,0.0,3.738,9,13.3,5.142,0.496,0.614,2.009,0.141,0.093,0,backup,0.0
Viti,Fiorentina,D,79.319,0.0,3.738,9,13.3,5.886,0.627,0.627,2.196,0.125,0.063,0,backup,0.0
Valenti,Parma,D,143.26,0.0,3.738,9,24.7,5.85,1.235,0.0,4.94,1.235,0.0,0,battle,0.0
Romagna,Sassuolo,D,69.023,0.0,3.738,9,13.3,5.142,0.496,0.614,2.009,0.141,0.093,0,backup,0.0
Pedersen,Torino,D,136.956,0.0,3.738,9,24.7,5.61,0.0,0.0,3.222,0.0,0.0,0,battle,0.0
Valentini N.,Verona,D,133.989,0.0,3.738,9,24.7,5.61,0.219,0.146,5.238,1.381,0.0,0,battle,0.0
Savona,Juventus,D,80.061,0.0,3.738,9,13.3,5.89,0.985,0.0,2.463,0.0,0.0,0,backup,0.0
Marianucci,Napoli,D,65.159,0.0,3.738,9,13.3,4.831,0.453,0.453,1.511,0.0,0.076,0,backup,0.0
Casale,Bologna,D,73.938,0.0,3.303,8,13.3,5.63,0.037,0.945,1.113,0.037,0.684,0,backup,0.0
Van Der Brempt,Como,D,78.583,0.0,3.303,8,13.3,5.94,0.013,0.705,2.249,0.02,0.0,0,backup,0.0
Caracciolo A.,Pisa,D,128.186,0.0,3.303,8,24.7,5.142,0.921,1.14,3.731,0.263,0.172,0,battle,0.0
Bradaric,Verona,D,141.284,0.0,3.303,8,24.7,5.72,0.915,0.0,5.489,0.0,0.0,0,battle,0.0
Palestra,Atalanta,D,80.333,0.0,3.303,8,13.3,6.0,0.232,0.927,1.807,0.0,0.093,0,backup,0.0
Barbieri,Cremonese,D,128.186,0.0,3.303,8,24.7,5.142,0.921,1.14,3.731,0.263,0.172,0,battle,0.0
Pellegrini Lu.,Lazio,D,81.261,0.0,3.303,8,13.3,6.08,0.036,2.045,3.425,0.014,0.007,0,backup,0.0
Zanoli,Napoli,D,65.159,0.0,3.303,8,13.3,4.831,0.453,0.453,1.511,0.0,0.076,0,backup,0.0
Canestrelli,Pisa,D,128.186,0.0,3.303,8,24.7,5.142,0.921,1.14,3.731,0.263,0.172,0,battle,0.0
Calabresi,Pisa,D,170.858,0.0,3.303,8,32.3,5.142,1.205,1.491,4.879,0.344,0.225,0,starter,3.23
Hermoso,Roma,D,67.15,0.0,3.303,8,13.3,5.12,0.236,0.414,1.005,0.724,0.059,0,backup,0.0
Odenthal,Sassuolo,D,69.023,0.0,3.303,8,13.3,5.142,0.496,0.614,2.009,0.141,0.093,0,backup,0.0
Masina,Torino,D,126.391,0.0,3.303,8,20.7,5.96,0.862,2.588,4.312,0.0,0.0,1,battle,0.0
Zemura,Udinese,D,124.21,0.0,3.303,8,20.7,5.81,0.986,1.971,1.971,0.0,0.0,1,battle,0.0
Gigot,Lazio,D,86.429,0.0,2.871,7,13.3,6.2,1.688,0.501,2.331,0.143,0.072,0,backup,0.0
Patric,Lazio,D,76.848,0.0,2.871,7,13.3,5.62,1.094,0.601,2.531,0.172,0.086,0,backup,0.0
Mateus Lusuardi,Pisa,D,128.186,0.0,2.871,7,24.7,5.142,0.921,1.14,3.731,0.263,0.172,0,battle,0.0
Salah-Eddine,Roma,D,74.247,0.0,2.871,7,13.3,5.5,0.266,1.13,1.13,0.066,0.066,0,backup,0.0
Idrissi R.,Cagliari,D,112.94,0.0,2.871,7,24.7,4.428,1.335,1.335,3.115,0.111,0.0,0,battle,0.0
Moreno Alb.,Como,D,145.064,0.0,2.871,7,24.7,5.96,0.0,0.0,4.296,0.0,0.0,0,battle,0.0
Norton-Cuffy,Genoa,D,141.577,0.0,2.871,7,24.7,5.7,0.424,0.605,1.937,0.061,0.0,0,battle,0.0
Balogh,Parma,D,76.135,0.0,2.871,7,13.3,5.78,0.0,0.493,2.463,0.0,0.0,0,backup,0.0
Goldaniga,Como,D,140.708,0.0,2.442,6,24.7,5.83,0.823,0.0,8.233,0.823,0.0,0,battle,0.0
Hysaj,Lazio,D,79.641,0.0,2.442,6,13.3,5.88,0.429,2.596,1.201,0.837,0.086,0,backup,0.0
Kabasele,Udinese,D,81.662,0.0,2.442,6,13.3,5.84,1.449,0.132,0.5,0.066,0.053,0,backup,0.0
Rui Modesto,Udinese,D,62.448,0.0,2.442,6,13.3,4.695,0.593,0.658,2.502,0.329,0.263,0,backup,0.0
Fortini,Fiorentina,D,79.319,0.0,2.016,5,13.3,5.886,0.627,0.627,2.196,0.125,0.063,0,backup,0.0
Vogliacco,Genoa,D,78.347,0.0,2.016,5,13.3,5.827,0.456,0.652,2.086,0.065,0.0,0,backup,0.0
Rugani,Juventus,D,0.795,0.0,2.016,5,13.3,0.0,0.502,0.335,1.757,0.084,0.0,0,backup,0.0
Provstgaard,Lazio,D,162.203,0.0,2.016,5,24.7,6.5,1.262,1.766,4.767,0.505,0.252,0,battle,0.0
Bartesaghi,Milan,D,69.559,0.0,2.016,5,13.3,5.33,0.508,0.318,1.905,0.919,0.191,0,backup,0.0
Juan Jesus,Napoli,D,77.59,0.0,2.016,5,13.3,5.81,0.159,0.824,1.859,0.0,0.026,0,backup,0.0
Mazzocchi,Napoli,D,75.598,0.0,2.016,5,13.3,5.7,0.227,0.227,2.086,0.0,0.038,0,backup,0.0
Schuurs,Torino,D,0.093,0.0,2.016,5,13.3,0.0,0.373,0.559,2.175,0.124,0.124,0,backup,0.0
Bonfanti,Atalanta,D,74.442,0.0,2.016,5,13.3,5.55,0.273,1.09,2.126,0.0,0.109,0,backup,0.0
Missori,Sassuolo,D,69.023,0.0,2.016,5,13.3,5.142,0.496,0.614,2.009,0.141,0.093,0,backup,0.0
Slotsager,Verona,D,-0.459,0.0,2.016,5,13.3,0.0,0.393,0.262,2.752,0.262,0.0,0,backup,0.0
Paz Y.,Sassuolo,D,69.023,0.0,2.016,5,13.3,5.142,0.496,0.614,2.009,0.141,0.093,0,backup,0.0
Bianchetti,Cremonese,D,128.186,0.0,1.595,4,24.7,5.142,0.921,1.14,3.731,0.263,0.172,0,battle,0.0
Di Pardo,Cagliari,D,1.917,0.0,1.595,4,13.3,0.0,0.719,0.719,1.677,0.06,0.0,0,backup,0.0
Jack,Como,D,65.342,0.0,1.595,4,13.3,5.0,0.127,0.381,3.078,0.19,0.0,0,backup,0.0
Pieragnolo,Sassuolo,D,69.023,0.0,1.595,4,13.3,5.142,0.496,0.614,2.009,0.141,0.093,0,backup,0.0
Oyegoke,Verona,D,76.817,0.0,1.595,4,13.3,5.83,0.334,0.223,3.004,0.223,0.0,0,backup,0.0
Denoon,Pisa,D,128.186,0.0,1.595,4,24.7,5.142,0.921,1.14,3.731,0.263,0.172,0,battle,0.0
Rouhi,Juventus,D,75.382,0.0,1.595,4,13.3,5.62,0.402,0.268,1.405,0.067,0.0,0,backup,0.0
Coppola F.,Pisa,D,69.023,0.0,1.595,4,13.3,5.142,0.496,0.614,2.009,0.141,0.093,0,backup,0.0
Jean,Lecce,D,76.454,0.0,1.179,3,13.3,5.75,0.035,0.035,0.127,0.028,0.021,0,backup,0.0
Otoa,Genoa,D,67.819,0.0,1.179,3,13.3,5.17,0.388,0.554,2.438,0.72,0.0,0,backup,0.0
Terracciano F.,Cremonese,D,170.858,0.0,1.179,3,32.3,5.142,1.205,1.491,4.879,0.344,0.225,0,starter,3.23
Rus,Pisa,D,69.023,0.0,1.179,3,13.3,5.142,0.496,0.614,2.009,0.141,0.093,0,backup,0.0
Dembelè A.,Torino,D,55.152,0.0,1.179,3,9.3,5.67,1.136,0.554,0.837,0.513,0.048,1,backup,0.0
Palma,Udinese,D,115.975,0.0,1.179,3,24.7,4.695,1.1,1.223,4.647,0.611,0.489,0,battle,0.0
Marcandalli,Genoa,D,78.347,0.0,0.77,2,13.3,5.827,0.456,0.652,2.086,0.065,0.0,0,backup,0.0
Ilic M.,Bologna,D,0.224,0.0,0.77,2,13.3,0.0,0.149,1.121,1.793,0.149,0.075,0,backup,0.0
Sernicola,Cremonese,D,69.023,0.0,0.77,2,13.3,5.142,0.496,0.614,2.009,0.141,0.093,0,backup,0.0
Veiga D.,Lecce,D,119.181,0.0,0.77,2,20.7,5.73,0.248,0.967,0.892,0.198,0.149,1,battle,0.0
Ndaba,Lecce,D,70.472,0.0,0.77,2,13.3,5.315,0.354,0.354,1.273,0.283,0.212,0,backup,0.0
Mbambi,Pisa,D,69.023,0.0,0.77,2,13.3,5.142,0.496,0.614,2.009,0.141,0.093,0,backup,0.0
Esteves T.,Pisa,D,69.023,0.0,0.77,2,13.3,5.142,0.496,0.614,2.009,0.141,0.093,0,backup,0.0
Veroli,Cagliari,D,1.917,0.0,0.372,1,13.3,0.0,0.719,0.719,1.677,0.06,0.0,0,backup,0.0
Perez M.,Lecce,D,70.472,0.0,0.372,1,13.3,5.315,0.354,0.354,1.273,0.283,0.212,0,backup,0.0
Godfrey,Atalanta,D,80.396,0.0,0.372,1,13.3,6.0,0.259,1.036,2.02,0.0,0.104,0,backup,0.0
Sommer,Inter,P,208.645,15.007,74.715,90,32.3,6.18,0.0,0.0,0.0,0.0,0.0,0,starter,12.92
Svilar,Roma,P,206.138,12.5,65.705,82,32.3,6.32,0.0,0.0,0.85,0.0,0.0,0,starter,6.46
Carnesecchi,Atalanta,P,202.232,8.593,52.619,71,32.3,6.34,0.0,0.0,0.95,0.0,0.0,0,starter,6.46
Di Gregorio,Juventus,P,198.28,4.641,52.607,83,32.3,6.15,0.0,0.0,0.0,0.0,0.0,0,starter,6.46
Meret,Napoli,P,170.989,0.0,49.7,92,24.7,6.32,0.0,0.0,0.0,0.0,0.726,0,battle,6.46
De Gea,Fiorentina,P,203.062,9.423,48.942,62,32.3,6.34,0.0,0.0,0.923,0.0,0.0,0,starter,6.46
Maignan,Milan,P,193.794,0.156,43.747,81,32.3,6.18,0.0,0.0,0.873,0.0,0.0,0,starter,6.46
Provedel,Lazio,P,130.001,0.0,28.405,54,24.7,5.98,0.0,0.0,0.0,0.0,0.0,0,battle,6.46
Skorupski,Bologna,P,188.293,0.0,25.65,49,32.3,6.17,0.0,0.0,1.196,0.0,0.0,0,starter,6.46
Martinez Jo.,Inter,P,206.111,12.473,22.33,5,32.3,6.3,0.0,0.0,0.0,0.0,0.0,0,starter,0.0
Butez,Como,P,196.902,3.264,21.777,32,32.3,6.22,0.0,0.0,0.0,0.085,0.0,0,starter,6.46
Israel,Torino,P,100.262,0.0,15.323,30,32.3,3.2,0.0,0.0,2.55,0.0,0.0,0,starter,6.46
Leali,Genoa,P,193.639,0.0,14.253,28,32.3,6.16,0.0,0.0,1.114,0.0,1.114,0,starter,6.46
Caprile,Cagliari,P,195.661,2.022,12.203,18,32.3,6.2,0.0,0.0,0.0,0.0,0.0,0,starter,6.46
Okoye,Udinese,P,99.439,0.0,8.44,17,20.7,6.1,0.0,0.0,0.828,0.0,0.828,1,battle,0.0
Suzuki,Parma,P,174.774,0.0,7.401,15,32.3,6.22,0.0,0.0,0.0,0.873,0.0,0,starter,6.46
Falcone,Lecce,P,175.098,0.0,6.884,14,32.3,6.26,0.0,0.0,1.7,0.0,0.0,0,starter,6.46
Turati,Sassuolo,P,95.735,0.0,6.368,13,32.3,3.43,0.0,0.0,0.799,0.085,0.253,0,starter,6.46
Audero,Cremonese,P,95.735,0.0,5.855,12,32.3,3.43,0.0,0.0,0.799,0.085,0.253,0,starter,6.46
Mandas,Lazio,P,146.082,0.0,5.855,12,24.7,6.28,0.0,0.0,0.0,0.0,0.0,0,battle,0.0
Milinkovic-Savic V.,Napoli,P,95.171,0.0,5.344,11,24.7,4.07,0.0,0.0,0.0,0.0,0.515,0,battle,0.0
Montipò,Verona,P,160.79,0.0,4.835,10,32.3,6.19,0.0,0.0,0.0,0.0,0.897,0,starter,6.46
Ravaglia F.,Bologna,P,72.577,0.0,4.328,9,13.3,6.0,0.0,0.0,0.136,0.0,0.0,0,backup,0.0
Sava,Udinese,P,132.241,0.0,3.825,8,24.7,6.04,0.0,0.0,1.755,0.0,0.26,0,battle,6.46
Semper,Pisa,P,68.269,0.0,3.325,7,24.7,3.43,0.0,0.0,0.611,0.065,0.193,0,battle,0.0
Muric,Sassuolo,P,36.76,0.0,2.828,6,13.3,3.43,0.0,0.0,0.329,0.035,0.104,0,backup,0.0
Scuffet,Pisa,P,74.729,0.0,2.335,5,24.7,3.43,0.0,0.0,0.611,0.065,0.193,0,battle,6.46
Perin,Juventus,P,81.422,0.0,0.892,2,13.3,6.1,0.0,0.0,0.0,0.0,0.0,0,backup,0.0
Rossi F.,Atalanta,P,-3.078,0.0,0.431,1,13.3,0.0,0.0,0.0,0.35,0.0,0.0,0,backup,0.0
Sportiello,Atalanta,P,58.467,0.0,0.431,1,13.3,4.627,0.0,0.0,0.35,0.0,0.0,0,backup,0.0
Pessina Mas.,Bologna,P,46.749,0.0,0.431,1,13.3,4.057,0.0,0.0,0.341,0.0,0.0,0,backup,0.0
Ciocci,Cagliari,P,-7.357,0.0,0.431,1,13.3,0.0,0.0,0.0,0.0,0.0,0.0,0,backup,0.0
Radunovic,Cagliari,P,-7.357,0.0,0.431,1,13.3,0.0,0.0,0.0,0.0,0.0,0.0,0,backup,0.0
Vigorito,Como,P,-11.064,0.0,0.431,1,13.3,0.0,0.0,0.0,0.0,0.35,0.0,0,backup,0.0
Nava,Cremonese,P,36.76,0.0,0.431,1,13.3,3.43,0.0,0.0,0.329,0.035,0.104,0,backup,0.0
Martinelli T.,Fiorentina,P,-3.382,0.0,0.431,1,13.3,0.0,0.0,0.0,0.35,0.0,0.0,0,backup,0.0
Siegrist,Genoa,P,81.839,0.0,0.431,1,13.3,6.5,0.0,0.0,0.374,0.0,0.374,0,backup,0.0
Sommariva,Genoa,P,88.429,0.0,0.431,1,13.3,7.0,0.0,0.0,0.395,0.0,0.395,0,backup,0.0
Di Gennaro,Inter,P,-0.611,0.0,0.431,1,13.3,0.0,0.0,0.0,0.0,0.0,0.0,0,backup,0.0
Pinsoglio,Juventus,P,-1.661,0.0,0.431,1,13.3,0.0,0.0,0.0,0.0,0.0,0.0,0,backup,0.0
Furlanetto,Lazio,P,-9.824,0.0,0.431,1,13.3,0.0,0.0,0.0,0.0,0.0,0.0,0,backup,0.0
Fruchtl,Lecce,P,-13.819,0.0,0.431,1,13.3,0.0,0.0,0.0,0.7,0.0,0.0,0,backup,0.0
Samooja,Lecce,P,-13.819,0.0,0.431,1,13.3,0.0,0.0,0.0,0.7,0.0,0.0,0,backup,0.0
Terracciano,Milan,P,35.519,0.0,0.431,1,13.3,3.045,0.0,0.0,0.341,0.0,0.0,0,backup,0.0
Torriani,Milan,P,-4.98,0.0,0.431,1,13.3,0.0,0.0,0.0,0.341,0.0,0.0,0,backup,0.0
Contini,Napoli,P,-2.885,0.0,0.431,1,13.3,0.0,0.0,0.0,0.0,0.0,0.277,0,backup,0.0
Corvi,Parma,P,-14.206,0.0,0.431,1,13.3,0.0,0.0,0.0,0.0,0.35,0.0,0,backup,0.0
Rinaldi,Parma,P,-14.206,0.0,0.431,1,13.3,0.0,0.0,0.0,0.0,0.35,0.0,0,backup,0.0
Nicolas,Pisa,P,36.76,0.0,0.431,1,13.3,3.43,0.0,0.0,0.329,0.035,0.104,0,backup,0.0
Zelezny,Roma,P,21.569,0.0,0.431,1,13.3,2.03,0.0,0.0,0.591,0.0,0.0,0,backup,0.0
Gollini,Roma,P,66.507,0.0,0.431,1,13.3,5.86,0.0,0.0,1.049,0.0,0.0,0,backup,0.0
Russo A.,Sassuolo,P,36.76,0.0,0.431,1,13.3,3.43,0.0,0.0,0.329,0.035,0.104,0,backup,0.0
Satalino,Sassuolo,P,36.76,0.0,0.431,1,13.3,3.43,0.0,0.0,0.329,0.035,0.104,0,backup,0.0
Paleari,Torino,P,80.417,0.0,0.431,1,13.3,6.5,0.0,0.0,0.997,0.0,0.0,0,backup,0.0
Popa,Torino,P,-3.936,0.0,0.431,1,13.3,0.0,0.0,0.0,1.05,0.0,0.0,0,backup,0.0
Padelli,Udinese,P,73.392,0.0,0.431,1,13.3,6.5,0.0,0.0,0.665,0.0,0.332,0,backup,0.0
Perilli,Verona,P,63.037,0.0,0.431,1,13.3,6.0,0.0,0.0,0.0,0.0,0.315,0,backup,0.0
Vasquez D.,Roma,P,21.569,0.0,0.431,1,13.3,2.03,0.0,0.0,0.591,0.0,0.0,0,backup,0.0
Nunziante,Udinese,P,35.026,0.0,0.431,1,13.3,3.728,0.0,0.0,0.7,0.0,0.35,0,backup,0.0
Lezzerini,Fiorentina,P,38.214,0.0,0.431,1,13.3,3.128,0.0,0.0,0.35,0.0,0.0,0,backup,0.0
Silvestri,Cremonese,P,36.76,0.0,0.431,1,13.3,3.43,0.0,0.0,0.329,0.035,0.104,0,backup,0.0
